{"text": "", "actors_NAME": ["r_shoulder_y", "r_shoulder_x", "r_arm_z", "r_elbow_y", "r_forearm_z"], "emotion_time": [], "emotion_name": "", "position": {"20": {"Right_hand": [146, 191, 100, 195, 200, 167, 300, 300, 300], "Left_hand": [200, 200, 100, 100, 200, 100, 100, 100, 100], "Robot": [-42.8411197494871, -39.249101608897526, 72.39950977216284, -50.118187020840075, -142.98796350286148]}, "21": {"Right_hand": [146, 191, 100, 195, 200, 167, 300, 300, 300], "Left_hand": [200, 200, 100, 100, 200, 100, 100, 100, 100], "Robot": [-42.84, -39.23, 72.48, -50.25999999999999, -142.93]}, "1": {"Right_hand": [146, 191, 100, 195, 200, 167, 300, 300, 300], "Left_hand": [200, 200, 100, 100, 200, 100, 100, 100, 100], "Robot": [-43.0088802505129, -42.110898391102474, 60.340490227837165, -28.871812979159923, -151.67203649713852]}, "0": {"Right_hand": [146, 191, 100, 195, 200, 167, 300, 300, 300], "Left_hand": [200, 200, 100, 100, 200, 100, 100, 100, 100], "Robot": [-43.01, -42.13, 60.26, -28.730000000000004, -151.73]}, "3": {"Right_hand": [146, 191, 100, 195, 200, 167, 300, 300, 300], "Left_hand": [200, 200, 100, 100, 200, 100, 100, 100, 100], "Robot": [-43.00058309037901, -41.96935860058309, 60.93690962099125, -29.922623906705542, -151.24253644314868]}, "2": {"Right_hand": [146, 191, 100, 195, 200, 167, 300, 300, 300], "Left_hand": [200, 200, 100, 100, 200, 100, 100, 100, 100], "Robot": [-43.00566785444336, -42.056098693445634, 60.57140481589461, -29.278653493143292, -151.5057477594212]}, "5": {"Right_hand": [146, 191, 100, 195, 200, 167, 300, 300, 300], "Left_hand": [200, 200, 100, 100, 200, 100, 100, 100, 100], "Robot": [-42.985677572616346, -41.71508800345535, 62.0083533095778, -31.810363891588384, -150.47095670014036]}, "4": {"Right_hand": [146, 191, 100, 195, 200, 167, 300, 300, 300], "Left_hand": [200, 200, 100, 100, 200, 100, 100, 100, 100], "Robot": [-42.99384623690746, -41.85443580606846, 61.42117049994601, -30.775826584602097, -150.89380520462151]}, "7": {"Right_hand": [146, 191, 100, 195, 200, 167, 300, 300, 300], "Left_hand": [200, 200, 100, 100, 200, 100, 100, 100, 100], "Robot": [-42.96592592592592, -41.37814814814815, 63.428148148148146, -34.311851851851856, -149.4485185185185]}, "6": {"Right_hand": [146, 191, 100, 195, 200, 167, 300, 300, 300], "Left_hand": [200, 200, 100, 100, 200, 100, 100, 100, 100], "Robot": [-42.97629737609329, -41.555072886297374, 62.68262390670554, -32.99833819241982, -149.9853935860058]}, "9": {"Right_hand": [146, 191, 100, 195, 200, 167, 300, 300, 300], "Left_hand": [200, 200, 100, 100, 200, 100, 100, 100, 100], "Robot": [-42.943090379008744, -40.98860058309038, 65.06962099125364, -37.20390670553935, -148.26644314868804]}, "8": {"Right_hand": [146, 191, 100, 195, 200, 167, 300, 300, 300], "Left_hand": [200, 200, 100, 100, 200, 100, 100, 100, 100], "Robot": [-42.954783500701865, -41.18807148256128, 64.22909189072455, -35.72300723463989, -148.87173415397905]}, "11": {"Right_hand": [146, 191, 100, 195, 200, 167, 300, 300, 300], "Left_hand": [200, 200, 100, 100, 200, 100, 100, 100, 100], "Robot": [-42.918933160565814, -40.576506856710935, 66.80609869344563, -40.263347370694305, -147.0159518410539]}, "10": {"Right_hand": [146, 191, 100, 195, 200, 167, 300, 300, 300], "Left_hand": [200, 200, 100, 100, 200, 100, 100, 100, 100], "Robot": [-42.93106683943419, -40.783493143289064, 65.93390130655436, -38.72665262930569, -147.6440481589461]}, "13": {"Right_hand": [146, 191, 100, 195, 200, 167, 300, 300, 300], "Left_hand": [200, 200, 100, 100, 200, 100, 100, 100, 100], "Robot": [-42.89521649929814, -40.17192851743872, 68.51090810927546, -43.26699276536011, -145.78826584602095]}, "12": {"Right_hand": [146, 191, 100, 195, 200, 167, 300, 300, 300], "Left_hand": [200, 200, 100, 100, 200, 100, 100, 100, 100], "Robot": [-42.90690962099126, -40.37139941690962, 67.67037900874635, -41.786093294460635, -146.39355685131196]}, "15": {"Right_hand": [146, 191, 100, 195, 200, 167, 300, 300, 300], "Left_hand": [200, 200, 100, 100, 200, 100, 100, 100, 100], "Robot": [-42.87370262390671, -39.804927113702625, 70.05737609329447, -45.99166180758017, -144.67460641399418]}, "14": {"Right_hand": [146, 191, 100, 195, 200, 167, 300, 300, 300], "Left_hand": [200, 200, 100, 100, 200, 100, 100, 100, 100], "Robot": [-42.88407407407408, -39.98185185185185, 69.31185185185186, -44.67814814814814, -145.21148148148148]}, "17": {"Right_hand": [146, 191, 100, 195, 200, 167, 300, 300, 300], "Left_hand": [200, 200, 100, 100, 200, 100, 100, 100, 100], "Robot": [-42.85615376309254, -39.50556419393154, 71.318829500054, -48.214173415397894, -143.76619479537848]}, "16": {"Right_hand": [146, 191, 100, 195, 200, 167, 300, 300, 300], "Left_hand": [200, 200, 100, 100, 200, 100, 100, 100, 100], "Robot": [-42.864322427383655, -39.64491199654465, 70.7316466904222, -47.179636108411614, -144.18904329985963]}, "19": {"Right_hand": [146, 191, 100, 195, 200, 167, 300, 300, 300], "Left_hand": [200, 200, 100, 100, 200, 100, 100, 100, 100], "Robot": [-42.84433214555664, -39.303901306554366, 72.1685951841054, -49.7113465068567, -143.15425224057878]}, "18": {"Right_hand": [146, 191, 100, 195, 200, 167, 300, 300, 300], "Left_hand": [200, 200, 100, 100, 200, 100, 100, 100, 100], "Robot": [-42.84941690962099, -39.39064139941691, 71.80309037900875, -49.067376093294456, -143.41746355685132]}}, "freq": 44.0, "frame_number": 22}