{"text": "", "actors_NAME": ["l_shoulder_y", "l_shoulder_x", "l_arm_z", "l_elbow_y", "l_forearm_z", "r_shoulder_y", "r_shoulder_x", "r_arm_z", "r_elbow_y", "r_forearm_z"], "emotion_time": [], "emotion_name": "", "position": {"20": {"Right_hand": [206, 232, 137, 181, 200, 290, 290, 290, 290], "Left_hand": [193, 194, 120, 258, 200, 290, 290, 290, 290], "Robot": [3.6656724267468115, 13.961239669421484, -13.77220886551465, -19.99797145003756, -4.837250187828703, -1.54270473328324, -4.601998497370403, 4.13718256949662, -10.618234410217884, 11.589504132231404]}, "21": {"Right_hand": [206, 232, 137, 181, 200, 290, 290, 290, 290], "Left_hand": [193, 194, 120, 258, 200, 290, 290, 290, 290], "Robot": [3.735657400450794, 13.923223140495864, -13.82992486851991, -19.6210894064613, -4.817032306536441, -1.5852141247182514, -4.533741547708495, 4.035401953418482, -10.226318557475583, 11.604710743801652]}, "22": {"Right_hand": [206, 232, 137, 181, 200, 290, 290, 290, 290], "Left_hand": [193, 194, 120, 258, 200, 290, 290, 290, 290], "Robot": [3.760000000000005, 13.909999999999997, -13.85, -19.489999999999995, -4.810000000000002, -1.5999999999999943, -4.510000000000005, 4.0, -10.090000000000003, 11.61]}, "1": {"Right_hand": [206, 232, 137, 181, 200, 290, 290, 290, 290], "Left_hand": [193, 194, 120, 258, 200, 290, 290, 290, 290], "Robot": [-0.26565740045079506, 16.096776859504132, -10.53007513148009, -41.168910593538705, -5.972967693463565, 0.8452141247182564, -8.436258452291504, 9.854598046581518, -32.63368144252441, 10.735289256198351]}, "0": {"Right_hand": [206, 232, 137, 181, 200, 290, 290, 290, 290], "Left_hand": [193, 194, 120, 258, 200, 290, 290, 290, 290], "Robot": [-0.29000000000000625, 16.11, -10.51, -41.30000000000001, -5.980000000000004, 0.8599999999999994, -8.459999999999994, 9.89, -32.769999999999996, 10.730000000000004]}, "3": {"Right_hand": [206, 232, 137, 181, 200, 290, 290, 290, 290], "Left_hand": [193, 194, 120, 258, 200, 290, 290, 290, 290], "Robot": [-0.08460931630353688, 15.998429752066116, -10.679383921863261, -40.19393313298273, -5.920664913598801, 0.7352441773102928, -8.259680691209612, 9.591296018031557, -31.61981217129977, 10.774628099173558]}, "2": {"Right_hand": [206, 232, 137, 181, 200, 290, 290, 290, 290], "Left_hand": [193, 194, 120, 258, 200, 290, 290, 290, 290], "Robot": [-0.1956724267468129, 16.05876033057851, -10.587791134485348, -40.792028549962446, -5.952749812171303, 0.8027047332832452, -8.368001502629596, 9.75281743050338, -32.24176558978211, 10.7504958677686]}, "5": {"Right_hand": [206, 232, 137, 181, 200, 290, 290, 290, 290], "Left_hand": [193, 194, 120, 258, 200, 290, 290, 290, 290], "Robot": [0.24249436513898837, 15.820743801652892, -10.949143501126972, -38.43241923365891, -5.826168294515406, 0.536558978211871, -7.94065364387678, 9.1155822689707, -29.788031555221636, 10.845702479338847]}, "4": {"Right_hand": [206, 232, 137, 181, 200, 290, 290, 290, 290], "Left_hand": [193, 194, 120, 258, 200, 290, 290, 290, 290], "Robot": [0.06296769346355596, 15.918264462809917, -10.801089406461307, -39.399203606311055, -5.878031555221642, 0.6456048084147258, -8.115747558226891, 9.376671675432007, -30.793380916604054, 10.806694214876037]}, "7": {"Right_hand": [206, 232, 137, 181, 200, 290, 290, 290, 290], "Left_hand": [193, 194, 120, 258, 200, 290, 290, 290, 290], "Robot": [0.6791397445529642, 15.583553719008263, -11.30924117205109, -36.08100300525921, -5.700026296018035, 0.27133734034560575, -7.514789631855744, 8.480559729526671, -27.34281743050338, 10.940578512396698]}, "6": {"Right_hand": [206, 232, 137, 181, 200, 290, 290, 290, 290], "Left_hand": [193, 194, 120, 258, 200, 290, 290, 290, 290], "Robot": [0.44940646130728346, 15.708347107438016, -11.119782118707738, -37.3181592787378, -5.766393688955676, 0.41087903831705547, -7.7388504883546165, 8.8146656649136, -28.629323816679186, 10.890661157024796]}, "9": {"Right_hand": [206, 232, 137, 181, 200, 290, 290, 290, 290], "Left_hand": [193, 194, 120, 258, 200, 290, 290, 290, 290], "Robot": [1.1888129226145736, 15.306694214876032, -11.729564237415477, -33.336318557475586, -5.552787377911348, -0.03824192336588872, -7.017700976709239, 7.7393313298271975, -24.488647633358376, 11.051322314049589]}, "8": {"Right_hand": [206, 232, 137, 181, 200, 290, 290, 290, 290], "Left_hand": [193, 194, 120, 258, 200, 290, 290, 290, 290], "Robot": [0.927129977460553, 15.44884297520661, -11.513756574004507, -34.745529676934645, -5.628384673178065, 0.1207062359128489, -7.272922614575505, 8.119902329075883, -25.954072126220886, 10.994462809917358]}, "11": {"Right_hand": [206, 232, 137, 181, 200, 290, 290, 290, 290], "Left_hand": [193, 194, 120, 258, 200, 290, 290, 290, 290], "Robot": [1.7349999999999994, 15.009999999999998, -12.18, -30.395000000000003, -5.395000000000003, -0.36999999999999744, -6.484999999999999, 6.945, -21.43, 11.170000000000002]}, "10": {"Right_hand": [206, 232, 137, 181, 200, 290, 290, 290, 290], "Left_hand": [193, 194, 120, 258, 200, 290, 290, 290, 290], "Robot": [1.4596243425995477, 15.159586776859502, -11.95290007513148, -31.877948910593545, -5.474552967693467, -0.2027347858752795, -6.7535762584522905, 7.345484598046582, -22.972103681442526, 11.1101652892562]}, "13": {"Right_hand": [206, 232, 137, 181, 200, 290, 290, 290, 290], "Left_hand": [193, 194, 120, 258, 200, 290, 290, 290, 290], "Robot": [2.281187077385426, 14.713305785123964, -12.630435762584522, -27.453681442524417, -5.2372126220886575, -0.7017580766341065, -5.9522990232907595, 6.150668670172802, -18.37135236664162, 11.288677685950415]}, "12": {"Right_hand": [206, 232, 137, 181, 200, 290, 290, 290, 290], "Left_hand": [193, 194, 120, 258, 200, 290, 290, 290, 290], "Robot": [2.0103756574004508, 14.860413223140494, -12.40709992486852, -28.912051089406464, -5.3154470323065395, -0.5372652141247152, -6.216423741547709, 6.544515401953419, -19.887896318557477, 11.229834710743804]}, "15": {"Right_hand": [206, 232, 137, 181, 200, 290, 290, 290, 290], "Left_hand": [193, 194, 120, 258, 200, 290, 290, 290, 290], "Robot": [2.7908602554470345, 14.436446280991733, -13.050758827948911, -24.708996994740794, -5.089973703981971, -1.0113373403456005, -5.455210368144255, 5.409440270473328, -15.517182569496622, 11.399421487603306]}, "14": {"Right_hand": [206, 232, 137, 181, 200, 290, 290, 290, 290], "Left_hand": [193, 194, 120, 258, 200, 290, 290, 290, 290], "Robot": [2.5428700225394456, 14.571157024793386, -12.846243425995493, -26.04447032306536, -5.161615326821941, -0.8607062359128437, -5.697077385424494, 5.770097670924117, -16.905927873779113, 11.345537190082645]}, "17": {"Right_hand": [206, 232, 137, 181, 200, 290, 290, 290, 290], "Left_hand": [193, 194, 120, 258, 200, 290, 290, 290, 290], "Robot": [3.2275056348610103, 14.199256198347104, -13.410856498873027, -22.357580766341094, -4.9638317054846, -1.2765589782118658, -5.02934635612322, 4.774417731029302, -13.071968444778367, 11.494297520661156]}, "16": {"Right_hand": [206, 232, 137, 181, 200, 290, 290, 290, 290], "Left_hand": [193, 194, 120, 258, 200, 290, 290, 290, 290], "Robot": [3.020593538692715, 14.31165289256198, -13.240217881292262, -23.471840721262208, -5.02360631104433, -1.1508790383170502, -5.231149511645382, 5.075334335086401, -14.230676183320814, 11.449338842975207]}, "19": {"Right_hand": [206, 232, 137, 181, 200, 290, 290, 290, 290], "Left_hand": [193, 194, 120, 258, 200, 290, 290, 290, 290], "Robot": [3.554609316303536, 14.02157024793388, -13.680616078136739, -20.596066867017274, -4.869335086401204, -1.4752441773102878, -4.710319308790387, 4.298703981968445, -11.240187828700229, 11.565371900826445]}, "18": {"Right_hand": [206, 232, 137, 181, 200, 290, 290, 290, 290], "Left_hand": [193, 194, 120, 258, 200, 290, 290, 290, 290], "Robot": [3.4070323065364434, 14.101735537190079, -13.558910593538693, -21.39079639368895, -4.911968444778364, -1.3856048084147208, -4.854252441773107, 4.513328324567993, -12.066619083395942, 11.533305785123966]}}, "freq": 23.0, "frame_number": 23}