{"text": "", "actors_NAME": ["l_shoulder_y", "l_shoulder_x", "l_arm_z", "l_elbow_y", "l_forearm_z", "r_shoulder_y", "r_shoulder_x", "r_arm_z", "r_elbow_y", "r_forearm_z"], "emotion_time": [], "emotion_name": "", "position": {"42": {"Right_hand": [210, 163, 119, 100, 134, 290, 290, 290, 290], "Left_hand": [192, 175, 106, 100, 153, 290, 290, 290, 290], "Robot": [49.79421504, 12.11868736, -20.60372608, -65.02352767999999, -64.74887488, 47.085779200000005, -7.730474239999996, 20.694288640000003, -57.67976639999999, -59.98047872]}, "22": {"Right_hand": [210, 163, 119, 100, 134, 290, 290, 290, 290], "Left_hand": [192, 175, 106, 100, 153, 290, 290, 290, 290], "Robot": [23.55345984, 10.51413056, -23.21373568, -72.94732927999999, -63.37354048, 23.5904832, -5.532023039999997, 23.99196544, -66.56213439999999, -60.28784512]}, "43": {"Right_hand": [210, 163, 119, 100, 134, 290, 290, 290, 290], "Left_hand": [192, 175, 106, 100, 153, 290, 290, 290, 290], "Robot": [50.56467456, 12.165799039999998, -20.527093120000004, -64.79087551999999, -64.78925632, 47.77562880000001, -7.7950233599999965, 20.597464960000003, -57.4189696, -59.97145408]}, "23": {"Right_hand": [210, 163, 119, 100, 134, 290, 290, 290, 290], "Left_hand": [192, 175, 106, 100, 153, 290, 290, 290, 290], "Robot": [25.04924736, 10.605594239999999, -23.06495872, -72.49565312, -63.451937920000006, 24.929772800000002, -5.657340159999997, 23.80398976, -66.0558176, -60.27032448]}, "24": {"Right_hand": [210, 163, 119, 100, 134, 290, 290, 290, 290], "Left_hand": [192, 175, 106, 100, 153, 290, 290, 290, 290], "Robot": [26.554705919999996, 10.697649279999998, -22.91521984, -72.04105664, -63.530842240000005, 26.277721600000003, -5.783467519999997, 23.61479872, -65.5462272, -60.25269056]}, "25": {"Right_hand": [210, 163, 119, 100, 134, 290, 290, 290, 290], "Left_hand": [192, 175, 106, 100, 153, 290, 290, 290, 290], "Robot": [28.064999999999998, 10.79, -22.765, -71.585, -63.61, 27.630000000000003, -5.909999999999997, 23.425, -65.035, -60.235]}, "26": {"Right_hand": [210, 163, 119, 100, 134, 290, 290, 290, 290], "Left_hand": [192, 175, 106, 100, 153, 290, 290, 290, 290], "Robot": [29.57529408, 10.88235072, -22.614780160000002, -71.12894336, -63.68915776, 28.982278400000002, -6.036532479999996, 23.235201280000002, -64.52377279999999, -60.21730944]}, "27": {"Right_hand": [210, 163, 119, 100, 134, 290, 290, 290, 290], "Left_hand": [192, 175, 106, 100, 153, 290, 290, 290, 290], "Robot": [31.08075264, 10.97440576, -22.46504128, -70.67434687999999, -63.76806208000001, 30.330227200000003, -6.162659839999996, 23.04601024, -64.0141824, -60.19967552]}, "20": {"Right_hand": [210, 163, 119, 100, 134, 290, 290, 290, 290], "Left_hand": [192, 175, 106, 100, 153, 290, 290, 290, 290], "Robot": [20.61024, 10.334159999999999, -23.50648, -73.83608, -63.219280000000005, 20.955200000000005, -5.285439999999997, 24.36184, -67.55839999999999, -60.32232]}, "21": {"Right_hand": [210, 163, 119, 100, 134, 290, 290, 290, 290], "Left_hand": [192, 175, 106, 100, 153, 290, 290, 290, 290], "Robot": [22.072178879999996, 10.42355392, -23.36106976, -73.39462496, -63.295903360000004, 22.2641824, -5.4079212799999965, 24.17811808, -67.0635408, -60.30519584]}, "48": {"Right_hand": [210, 163, 119, 100, 134, 290, 290, 290, 290], "Left_hand": [192, 175, 106, 100, 153, 290, 290, 290, 290], "Robot": [53.01467136, 12.315610239999998, -20.283406720000002, -64.05106111999999, -64.91766592, 49.969292800000005, -8.000284159999996, 20.289573760000003, -56.589657599999995, -59.94275648]}, "49": {"Right_hand": [210, 163, 119, 100, 134, 290, 290, 290, 290], "Left_hand": [192, 175, 106, 100, 153, 290, 290, 290, 290], "Robot": [53.190361919999994, 12.326353279999998, -20.26593184, -63.998008639999995, -64.92687424, 50.1266016, -8.015003519999997, 20.267494720000002, -56.53018719999999, -59.94069856]}, "46": {"Right_hand": [210, 163, 119, 100, 134, 290, 290, 290, 290], "Left_hand": [192, 175, 106, 100, 153, 290, 290, 290, 290], "Robot": [52.33447488, 12.274017919999999, -20.35106176, -64.25645696, -64.88201536000001, 49.36026240000001, -7.943297279999996, 20.37505408, -56.81990079999999, -59.950723839999995]}, "47": {"Right_hand": [210, 163, 119, 100, 134, 290, 290, 290, 290], "Left_hand": [192, 175, 106, 100, 153, 290, 290, 290, 290], "Robot": [52.72776384, 12.298066559999999, -20.311943680000002, -64.13769727999998, -64.90262848, 49.71240320000001, -7.976247039999996, 20.32562944, -56.68677439999999, -59.94611712]}, "44": {"Right_hand": [210, 163, 119, 100, 134, 290, 290, 290, 290], "Left_hand": [192, 175, 106, 100, 153, 290, 290, 290, 290], "Robot": [51.24809472, 12.207588479999998, -20.45911744, -64.58450624, -64.82507584000001, 48.38754560000001, -7.852280319999996, 20.51157952, -57.18763519999999, -59.96344896]}, "45": {"Right_hand": [210, 163, 119, 100, 134, 290, 290, 290, 290], "Left_hand": [192, 175, 106, 100, 153, 290, 290, 290, 290], "Robot": [51.839639999999996, 12.243759999999998, -20.400280000000002, -64.40588, -64.85608, 48.91720000000001, -7.9018399999999955, 20.437240000000003, -56.987399999999994, -59.95652]}, "28": {"Right_hand": [210, 163, 119, 100, 134, 290, 290, 290, 290], "Left_hand": [192, 175, 106, 100, 153, 290, 290, 290, 290], "Robot": [32.57654016000001, 11.06586944, -22.316264320000002, -70.22267072, -63.84645952, 31.669516800000007, -6.287976959999996, 22.85803456, -63.507865599999995, -60.18215488]}, "29": {"Right_hand": [210, 163, 119, 100, 134, 290, 290, 290, 290], "Left_hand": [192, 175, 106, 100, 153, 290, 290, 290, 290], "Robot": [34.05782112, 11.156446079999998, -22.16893024, -69.77537504, -63.92409664, 32.9958176, -6.412078719999997, 22.67188192, -63.006459199999995, -60.164804159999996]}, "40": {"Right_hand": [210, 163, 119, 100, 134, 290, 290, 290, 290], "Left_hand": [192, 175, 106, 100, 153, 290, 290, 290, 290], "Robot": [48.011520000000004, 12.00968, -20.78104, -65.56183999999999, -64.65544000000001, 45.48960000000001, -7.581119999999997, 20.91832, -58.283199999999994, -60.00136]}, "41": {"Right_hand": [210, 163, 119, 100, 134, 290, 290, 290, 290], "Left_hand": [192, 175, 106, 100, 153, 290, 290, 290, 290], "Robot": [48.941551679999996, 12.066549119999998, -20.688535360000003, -65.28100255999999, -64.70418496, 46.3223264, -7.659038079999996, 20.801442880000003, -57.96838879999999, -59.990466239999996]}, "1": {"Right_hand": [210, 163, 119, 100, 134, 290, 290, 290, 290], "Left_hand": [192, 175, 106, 100, 153, 290, 290, 290, 290], "Robot": [2.9396380799999955, 9.25364672, -25.26406816, -79.17199135999999, -62.29312576, 5.133398399999998, -3.804996479999997, 26.58250528, -73.5398128, -60.529301440000005]}, "0": {"Right_hand": [210, 163, 119, 100, 134, 290, 290, 290, 290], "Left_hand": [192, 175, 106, 100, 153, 290, 290, 290, 290], "Robot": [2.8799999999999955, 9.25, -25.27, -79.19, -62.29, 5.079999999999998, -3.799999999999997, 26.59, -73.56, -60.53]}, "3": {"Right_hand": [210, 163, 119, 100, 134, 290, 290, 290, 290], "Left_hand": [192, 175, 106, 100, 153, 290, 290, 290, 290], "Robot": [3.4022361599999953, 9.28193344, -25.21805632, -79.03230272, -62.31737152, 5.547596799999998, -3.843752959999997, 26.52437056, -73.3832256, -60.52388288]}, "2": {"Right_hand": [210, 163, 119, 100, 134, 290, 290, 290, 290], "Left_hand": [192, 175, 106, 100, 153, 290, 290, 290, 290], "Robot": [3.1153286399999955, 9.26438976, -25.24659328, -79.11893888, -62.30233408, 5.290707199999998, -3.819715839999997, 26.560426239999998, -73.4803424, -60.52724352]}, "5": {"Right_hand": [210, 163, 119, 100, 134, 290, 290, 290, 290], "Left_hand": [192, 175, 106, 100, 153, 290, 290, 290, 290], "Robot": [4.290359999999996, 9.33624, -25.12972, -78.76411999999999, -62.36392, 6.342799999999999, -3.918159999999997, 26.41276, -73.0826, -60.51348]}, "4": {"Right_hand": [210, 163, 119, 100, 134, 290, 290, 290, 290], "Left_hand": [192, 175, 106, 100, 153, 290, 290, 290, 290],