{"text": "", "actors_NAME": ["l_shoulder_y", "l_shoulder_x", "l_arm_z", "l_elbow_y", "l_forearm_z", "r_shoulder_y", "r_shoulder_x", "r_arm_z", "r_elbow_y", "r_forearm_z"], "emotion_time": [], "emotion_name": "", "position": {"11": {"Right_hand": [203, 266, 199, 163, 200, 233, 100, 100, 100], "Left_hand": [200, 200, 100, 100, 200, 100, 100, 100, 100], "Robot": [11.871162499999999, 11.300565, -25.713655, -40.41999999999999, -176.6991025, -12.500387499999999, 0.7981674999999964, 35.769684999999996, -20.16127749999999, 7.086677499999997]}, "10": {"Right_hand": [203, 266, 199, 163, 200, 233, 100, 100, 100], "Left_hand": [200, 200, 100, 100, 200, 100, 100, 100, 100], "Robot": [11.844999999999999, 11.32, -25.759999999999998, -40.41999999999999, -176.655, -11.494999999999997, 0.32499999999999574, 37.32, -21.514999999999993, 7.064999999999998]}, "13": {"Right_hand": [203, 266, 199, 163, 200, 233, 100, 100, 100], "Left_hand": [200, 200, 100, 100, 200, 100, 100, 100, 100], "Robot": [11.921387499999998, 11.263255, -25.624685, -40.41999999999999, -176.78376749999998, -14.430462499999999, 1.7065224999999957, 32.793495, -17.56249249999999, 7.128292499999996]}, "12": {"Right_hand": [203, 266, 199, 163, 200, 233, 100, 100, 100], "Left_hand": [200, 200, 100, 100, 200, 100, 100, 100, 100], "Robot": [11.896799999999997, 11.281519999999999, -25.66824, -40.41999999999999, -176.74232, -13.485599999999998, 1.2618399999999959, 34.250479999999996, -18.834719999999994, 7.1079199999999965]}, "20": {"Right_hand": [203, 266, 199, 163, 200, 233, 100, 100, 100], "Left_hand": [200, 200, 100, 100, 200, 100, 100, 100, 100], "Robot": [12.019999999999996, 11.189999999999998, -25.45, -40.41999999999999, -176.95, -18.22, 3.489999999999995, 26.95, -12.459999999999994, 7.209999999999994]}, "14": {"Right_hand": [203, 266, 199, 163, 200, 233, 100, 100, 100], "Left_hand": [200, 200, 100, 100, 200, 100, 100, 100, 100], "Robot": [11.944399999999998, 11.24616, -25.58392, -40.41999999999999, -176.82255999999998, -15.314799999999996, 2.122719999999995, 31.429840000000002, -16.371759999999995, 7.1473599999999955]}, "17": {"Right_hand": [203, 266, 199, 163, 200, 233, 100, 100, 100], "Left_hand": [200, 200, 100, 100, 200, 100, 100, 100, 100], "Robot": [11.998737499999997, 11.205794999999998, -25.487665, -40.41999999999999, -176.9141575, -17.4029125, 3.105452499999995, 28.209955, -13.560182499999996, 7.192382499999995]}, "16": {"Right_hand": [203, 266, 199, 163, 200, 233, 100, 100, 100], "Left_hand": [200, 200, 100, 100, 200, 100, 100, 100, 100], "Robot": [11.983599999999997, 11.217039999999999, -25.51448, -40.41999999999999, -176.88863999999998, -16.8212, 2.831679999999996, 29.106959999999997, -14.34343999999999, 7.179839999999994]}, "19": {"Right_hand": [203, 266, 199, 163, 200, 233, 100, 100, 100], "Left_hand": [200, 200, 100, 100, 200, 100, 100, 100, 100], "Robot": [12.017462499999995, 11.191884999999997, -25.454494999999998, -40.41999999999999, -176.9457225, -18.1224875, 3.444107499999995, 27.100365, -12.591297499999992, 7.207897499999993]}, "18": {"Right_hand": [203, 266, 199, 163, 200, 233, 100, 100, 100], "Left_hand": [200, 200, 100, 100, 200, 100, 100, 100, 100], "Robot": [12.010199999999996, 11.197279999999997, -25.46736, -40.41999999999999, -176.93348, -17.8434, 3.3127599999999946, 27.53072, -12.967079999999996, 7.201879999999994]}, "1": {"Right_hand": [203, 266, 199, 163, 200, 233, 100, 100, 100], "Left_hand": [200, 200, 100, 100, 200, 100, 100, 100, 100], "Robot": [11.672537500000002, 11.448115000000003, -26.065505, -40.41999999999999, -176.36427750000001, -4.867512499999996, -2.7941075000000035, 47.539635, -30.438702499999994, 6.922102500000002]}, "0": {"Right_hand": [203, 266, 199, 163, 200, 233, 100, 100, 100], "Left_hand": [200, 200, 100, 100, 200, 100, 100, 100, 100], "Robot": [11.670000000000002, 11.450000000000003, -26.07, -40.41999999999999, -176.36, -4.769999999999996, -2.8400000000000034, 47.69, -30.569999999999993, 6.920000000000002]}, "3": {"Right_hand": [203, 266, 199, 163, 200, 233, 100, 100, 100], "Left_hand": [200, 200, 100, 100, 200, 100, 100, 100, 100], "Robot": [11.6912625, 11.434205000000002, -26.032335, -40.41999999999999, -176.39584250000001, -5.587087499999996, -2.4554525000000034, 46.430045, -29.469817499999994, 6.937617500000001]}, "2": {"Right_hand": [203, 266, 199, 163, 200, 233, 100, 100, 100], "Left_hand": [200, 200, 100, 100, 200, 100, 100, 100, 100], "Robot": [11.679800000000002, 11.442720000000003, -26.05264, -40.41999999999999, -176.37652, -5.146599999999996, -2.6627600000000036, 47.10928, -30.062919999999995, 6.928120000000002]}, "5": {"Right_hand": [203, 266, 199, 163, 200, 233, 100, 100, 100], "Left_hand": [200, 200, 100, 100, 200, 100, 100, 100, 100], "Robot": [11.724687500000002, 11.409375000000002, -25.973125, -40.41999999999999, -176.4521875, -6.871562499999996, -1.8509375000000037, 44.449374999999996, -27.740312499999995, 6.9653125000000005]}, "4": {"Right_hand": [203, 266, 199, 163, 200, 233, 100, 100, 100], "Left_hand": [200, 200, 100, 100, 200, 100, 100, 100, 100], "Robot": [11.7064, 11.422960000000002, -26.00552, -40.41999999999999, -176.42136000000002, -6.1687999999999965, -2.1816800000000036, 45.53304, -28.686559999999993, 6.950160000000001]}, "7": {"Right_hand": [203, 266, 199, 163, 200, 233, 100, 100, 100], "Left_hand": [200, 200, 100, 100, 200, 100, 100, 100, 100], "Robot": [11.7686125, 11.376745000000001, -25.895315, -40.41999999999999, -176.52623250000002, -8.559537499999996, -1.0565225000000042, 41.846505, -25.467507499999996, 7.001707499999999]}, "6": {"Right_hand": [203, 266, 199, 163, 200, 233, 100, 100, 100], "Left_hand": [200, 200, 100, 100, 200, 100, 100, 100, 100], "Robot": [11.7456, 11.39384, -25.93608, -40.41999999999999, -176.48744000000002, -7.675199999999997, -1.4727200000000038, 43.21016, -26.658239999999992, 6.98264]}, "9": {"Right_hand": [203, 266, 199, 163, 200, 233, 100, 100, 100], "Left_hand": [200, 200, 100, 100, 200, 100, 100, 100, 100], "Robot": [11.818837499999999, 11.339435, -25.806345, -40.41999999999999, -176.6108975, -10.489612499999998, -0.14816750000000356, 38.870315, -22.868722499999993, 7.043322499999999]}, "15": {"Right_hand": [203, 266, 199, 163, 200, 233, 100, 100, 100], "Left_hand": [200, 200, 100, 100, 200, 100, 100, 100, 100], "Robot": [11.965312499999996, 11.230624999999998, -25.546875, -40.41999999999999, -176.8578125, -16.1184375, 2.5009374999999956, 30.190625, -15.289687499999994, 7.164687499999995]}, "8": {"Right_hand": [203, 266, 199, 163, 200, 233, 100, 100, 100], "Left_hand": [200, 200, 100, 100, 200, 100, 100, 100, 100], "Robot": [11.7932, 11.35848, -25.85176, -40.41999999999999, -176.56768, -9.504399999999999, -0.6118400000000035, 40.38952, -24.19527999999999, 7.022079999999999]}}, "freq": 21.0, "frame_number": 21}