{"text": "", "actors_NAME": ["r_shoulder_y", "r_shoulder_x", "r_arm_z", "r_elbow_y", "r_forearm_z"], "emotion_time": [], "emotion_name": "", "position": {"42": {"Right_hand": [229, 200, 100, 100, 200, 100, 100, 100, 100], "Left_hand": [200, 200, 100, 100, 200, 100, 100, 100, 100], "Robot": [-2.3904235039663675, 7.1070513914170785, -0.8787918886060311, -63.55830470791325, -0.12000000000000455]}, "22": {"Right_hand": [229, 243, 137, 181, 200, 290, 290, 290, 290], "Left_hand": [200, 200, 100, 100, 200, 100, 100, 100, 100], "Robot": [-29.99332254142681, 5.521506276993764, -3.092377600300919, -38.02999879094824, -0.12000000000000455]}, "43": {"Right_hand": [229, 200, 100, 100, 200, 100, 100, 100, 100], "Left_hand": [200, 200, 100, 100, 200, 100, 100, 100, 100], "Robot": [-1.426266918328551, 7.162433754038572, -0.8014723563747257, -64.44999670869242, -0.12000000000000455]}, "53": {"Right_hand": [229, 200, 100, 100, 200, 100, 100, 100, 100], "Left_hand": [200, 200, 100, 100, 200, 100, 100, 100, 100], "Robot": [3.5799999999999983, 7.450000000000003, -0.40000000000000036, -69.08000000000001, -0.12000000000000455]}, "52": {"Right_hand": [229, 200, 100, 100, 200, 100, 100, 100, 100], "Left_hand": [200, 200, 100, 100, 200, 100, 100, 100, 100], "Robot": [3.523454395239021, 7.446751949595978, -0.4045346158238017, -69.02770427937156, -0.12000000000000455]}, "23": {"Right_hand": [229, 243, 137, 181, 200, 290, 290, 290, 290], "Left_hand": [200, 200, 100, 100, 200, 100, 100, 100, 100], "Robot": [-28.510531109573677, 5.606679675168095, -2.9734666872653266, -39.40134580895639, -0.12000000000000455]}, "24": {"Right_hand": [229, 243, 137, 181, 200, 290, 290, 290, 290], "Left_hand": [200, 200, 100, 100, 200, 100, 100, 100, 100], "Robot": [-27.012612828039252, 5.692721978546052, -2.8533426922896084, -40.786682764967054, -0.12000000000000455]}, "25": {"Right_hand": [229, 243, 137, 181, 200, 290, 290, 290, 290], "Left_hand": [200, 200, 100, 100, 200, 100, 100, 100, 100], "Robot": [-25.503889653875348, 5.779384928498025, -2.7323522102138007, -42.182012533836655, -0.12000000000000455]}, "26": {"Right_hand": [229, 243, 137, 181, 200, 290, 290, 290, 290], "Left_hand": [200, 200, 100, 100, 200, 100, 100, 100, 100], "Robot": [-23.988683544133746, 5.86642026639441, -2.6108418358779395, -43.583337990421626, -0.12000000000000455]}, "27": {"Right_hand": [229, 243, 137, 181, 200, 290, 290, 290, 290], "Left_hand": [200, 200, 100, 100, 200, 100, 100, 100, 100], "Robot": [-22.47131645586625, 5.953579733605597, -2.4891581641220606, -44.98666200957838, -0.12000000000000455]}, "20": {"Right_hand": [229, 243, 137, 181, 200, 290, 290, 290, 290], "Left_hand": [200, 200, 100, 100, 200, 100, 100, 100, 100], "Robot": [-32.89623702788207, 5.354759230774402, -3.3251738011915877, -35.34526306951376, -0.12000000000000455]}, "21": {"Right_hand": [229, 243, 137, 181, 200, 290, 290, 290, 290], "Left_hand": [200, 200, 100, 100, 200, 100, 100, 100, 100], "Robot": [-31.456665166546884, 5.437450042652664, -3.2097288365563523, -36.67663883608616, -0.12000000000000455]}, "48": {"Right_hand": [229, 200, 100, 100, 200, 100, 100, 100, 100], "Left_hand": [200, 200, 100, 100, 200, 100, 100, 100, 100], "Robot": [2.238392498505476, 7.3729363837261666, -0.5075888149277592, -67.83922573668198, -0.12000000000000455]}, "49": {"Right_hand": [229, 200, 100, 100, 200, 100, 100, 100, 100], "Left_hand": [200, 200, 100, 100, 200, 100, 100, 100, 100], "Robot": [2.7098459802387183, 7.400017262572462, -0.4697810944605285, -68.2752454710936, -0.12000000000000455]}, "46": {"Right_hand": [229, 200, 100, 100, 200, 100, 100, 100, 100], "Left_hand": [200, 200, 100, 100, 200, 100, 100, 100, 100], "Robot": [1.0210412622500442, 7.30301020305353, -0.6052130282044912, -66.71336882124172, -0.12000000000000455]}, "47": {"Right_hand": [229, 200, 100, 100, 200, 100, 100, 100, 100], "Left_hand": [200, 200, 100, 100, 200, 100, 100, 100, 100], "Robot": [1.6740169401586584, 7.34051794434332, -0.5528483244557592, -67.31726781168348, -0.12000000000000455]}, "44": {"Right_hand": [229, 200, 100, 100, 200, 100, 100, 100, 100], "Left_hand": [200, 200, 100, 100, 200, 100, 100, 100, 100], "Robot": [-0.5334226240453503, 7.213719849271549, -0.7298716390040103, -65.2757361446026, -0.12000000000000455]}, "45": {"Right_hand": [229, 200, 100, 100, 200, 100, 100, 100, 100], "Left_hand": [200, 200, 100, 100, 200, 100, 100, 100, 100], "Robot": [0.2837874218314482, 7.2606614184864045, -0.6643363313339199, -66.03152589050023, -0.12000000000000455]}, "28": {"Right_hand": [229, 243, 137, 181, 200, 290, 290, 290, 290], "Left_hand": [200, 200, 100, 100, 200, 100, 100, 100, 100], "Robot": [-20.956110346124657, 6.040615071501982, -2.3676477897862, -46.387987466163345, -0.12000000000000455]}, "29": {"Right_hand": [229, 243, 137, 181, 200, 290, 290, 290, 290], "Left_hand": [200, 200, 100, 100, 200, 100, 100, 100, 100], "Robot": [-19.447387171960745, 6.1272780214539555, -2.246657307710392, -47.78331723503295, -0.12000000000000455]}, "40": {"Right_hand": [229, 206, 105, 111, 200, 127, 127, 127, 127], "Left_hand": [200, 200, 100, 100, 200, 100, 100, 100, 100], "Robot": [-4.515385721098625, 6.984990898526975, -1.0492010182902667, -61.59305151232226, -0.12000000000000455]}, "41": {"Right_hand": [229, 200, 100, 100, 200, 100, 100, 100, 100], "Left_hand": [200, 200, 100, 100, 200, 100, 100, 100, 100], "Robot": [-3.421570423906978, 7.047821020036678, -0.9614836408578893, -62.60465726740868, -0.12000000000000455]}, "1": {"Right_hand": [229, 243, 137, 181, 200, 290, 290, 290, 290], "Left_hand": [200, 200, 100, 100, 200, 100, 100, 100, 100], "Robot": [-49.98345439523902, 4.37324805040403, -4.6954653841762, -19.542295720628434, -0.12000000000000455]}, "0": {"Right_hand": [229, 243, 137, 181, 200, 290, 290, 290, 290], "Left_hand": [200, 200, 100, 100, 200, 100, 100, 100, 100], "Robot": [-50.04, 4.3700000000000045, -4.7, -19.489999999999995, -0.12000000000000455]}, "3": {"Right_hand": [229, 243, 137, 181, 200, 290, 290, 290, 290], "Left_hand": [200, 200, 100, 100, 200, 100, 100, 100, 100], "Robot": [-49.544055428306585, 4.398487677747407, -4.6602282421059, -19.948670110225216, -0.12000000000000455]}, "2": {"Right_hand": [229, 243, 137, 181, 200, 290, 290, 290, 290], "Left_hand": [200, 200, 100, 100, 200, 100, 100, 100, 100], "Robot": [-49.81669888565729, 4.382826695863033, -4.6820925999314875, -19.69651813241803, -0.12000000000000455]}, "5": {"Right_hand": [229, 243, 137, 181, 200, 290, 290, 290, 290], "Left_hand": [200, 200, 100, 100, 200, 100, 100, 100, 100], "Robot": [-48.69839249850548, 4.447063616273842, -4.592411185072241, -20.730774263318036, -0.12000000000000455]}, "4": {"Right_hand": [229, 243, 137, 181, 200, 290, 290, 290, 290], "Left_hand": [200, 200, 100, 100, 200, 100, 100, 100, 100], "Robot": [-49.16984598023872, 4.419982737427546, -4.630218905539472, -20.29475452890641, -0.12000000000000455]}, "7": {"Right_hand": [229, 243, 137, 181, 200, 290, 290, 290, 290], "Left_hand": [200, 200, 100, 100, 200, 100, 100, 100, 100], "Robot": [-47.481041262250045, 4.516989796946477, -4.494786971795509, -21.8566311787583, -0.12000000000000455]}, "6": {"Right_hand": [229, 243, 137, 181, 200, 290, 290, 290, 290], "Left_hand": [200, 200, 100, 100, 200, 100, 100, 100, 100], "Robot": [-48.13401694015865, 4.479482055656687, -4.547151675544241, -21.252732188316525, -0.12000000000000455]}, "9": {"Right_hand": [229, 243, 137, 181, 200, 290, 290, 290, 290], "Left_hand": [200, 200, 100, 100, 200, 100, 100, 100, 100], "Robot": [-45.92657737595465, 4.606280150728458, -4.37012836099599, -23.294263855397404, -0.12000000000000455]}, "8": {"Right_hand": [229, 243, 137, 181, 200, 290, 290, 290, 290], "Left_hand": [200, 200, 100, 100, 200, 100, 100, 100, 100], "Robot": [-46.74378742183144, 4.559338581513603, -4.435663668666081, -22.538474109499784, -0.12000000000000455]}, "39": {"Right_hand": [229, 212, 110, 123, 200, 154, 154, 154, 154], "Left_hand": [200, 200, 100, 100, 200, 100, 100, 100, 100],