{"text": "", "actors_NAME": ["r_shoulder_y", "r_shoulder_x", "r_arm_z", "r_elbow_y", "r_forearm_z"], "emotion_time": [], "emotion_name": "", "position": {"11": {"Right_hand": [217, 251, 203, 100, 200, 193, 290, 290, 290], "Left_hand": [200, 200, 100, 100, 200, 100, 100, 100, 100], "Robot": [-19.36, -3.5400000000000063, 20.09, -59.22999999999999, 21.58]}, "10": {"Right_hand": [217, 251, 203, 100, 200, 193, 290, 290, 290], "Left_hand": [200, 200, 100, 100, 200, 100, 100, 100, 100], "Robot": [-19.36, -3.5400000000000063, 20.09, -59.22999999999999, 21.58]}, "13": {"Right_hand": [217, 251, 203, 100, 200, 193, 290, 290, 290], "Left_hand": [200, 200, 100, 100, 200, 100, 100, 100, 100], "Robot": [-19.36, -3.5400000000000063, 20.09, -59.22999999999999, 21.58]}, "12": {"Right_hand": [217, 251, 203, 100, 200, 193, 290, 290, 290], "Left_hand": [200, 200, 100, 100, 200, 100, 100, 100, 100], "Robot": [-19.36, -3.5400000000000063, 20.09, -59.22999999999999, 21.290000000000006]}, "20": {"Right_hand": [217, 251, 203, 100, 200, 193, 290, 290, 290], "Left_hand": [200, 200, 100, 100, 200, 100, 100, 100, 100], "Robot": [-19.36, -3.5400000000000063, 20.09, -59.22999999999999, 21.58]}, "14": {"Right_hand": [217, 251, 203, 100, 200, 193, 290, 290, 290], "Left_hand": [200, 200, 100, 100, 200, 100, 100, 100, 100], "Robot": [-19.36, -3.5400000000000063, 20.09, -59.22999999999999, 21.58]}, "17": {"Right_hand": [217, 251, 203, 100, 200, 193, 290, 290, 290], "Left_hand": [200, 200, 100, 100, 200, 100, 100, 100, 100], "Robot": [-19.36, -3.6299999999999955, 20.09, -59.22999999999999, 21.58]}, "16": {"Right_hand": [217, 251, 203, 100, 200, 193, 290, 290, 290], "Left_hand": [200, 200, 100, 100, 200, 100, 100, 100, 100], "Robot": [-19.36, -3.5400000000000063, 20.09, -59.22999999999999, 21.58]}, "19": {"Right_hand": [217, 251, 203, 100, 200, 193, 290, 290, 290], "Left_hand": [200, 200, 100, 100, 200, 100, 100, 100, 100], "Robot": [-19.36, -3.5400000000000063, 20.09, -59.22999999999999, 21.58]}, "18": {"Right_hand": [217, 251, 203, 100, 200, 193, 290, 290, 290], "Left_hand": [200, 200, 100, 100, 200, 100, 100, 100, 100], "Robot": [-19.36, -3.6299999999999955, 20.09, -59.22999999999999, 21.58]}, "1": {"Right_hand": [217, 251, 203, 100, 200, 193, 290, 290, 290], "Left_hand": [200, 200, 100, 100, 200, 100, 100, 100, 100], "Robot": [-19.36, -3.5400000000000063, 20.09, -59.22999999999999, 21.58]}, "0": {"Right_hand": [217, 251, 203, 100, 200, 193, 290, 290, 290], "Left_hand": [200, 200, 100, 100, 200, 100, 100, 100, 100], "Robot": [-19.36, -3.6299999999999955, 20.09, -59.22999999999999, 21.58]}, "3": {"Right_hand": [217, 251, 203, 100, 200, 193, 290, 290, 290], "Left_hand": [200, 200, 100, 100, 200, 100, 100, 100, 100], "Robot": [-19.36, -3.5400000000000063, 20.09, -59.22999999999999, 21.58]}, "2": {"Right_hand": [217, 251, 203, 100, 200, 193, 290, 290, 290], "Left_hand": [200, 200, 100, 100, 200, 100, 100, 100, 100], "Robot": [-19.36, -3.5400000000000063, 20.09, -59.22999999999999, 21.58]}, "5": {"Right_hand": [217, 251, 203, 100, 200, 193, 290, 290, 290], "Left_hand": [200, 200, 100, 100, 200, 100, 100, 100, 100], "Robot": [-19.36, -3.5400000000000063, 20.09, -59.22999999999999, 21.58]}, "4": {"Right_hand": [217, 251, 203, 100, 200, 193, 290, 290, 290], "Left_hand": [200, 200, 100, 100, 200, 100, 100, 100, 100], "Robot": [-19.36, -3.5400000000000063, 20.09, -59.22999999999999, 21.58]}, "7": {"Right_hand": [217, 251, 203, 100, 200, 193, 290, 290, 290], "Left_hand": [200, 200, 100, 100, 200, 100, 100, 100, 100], "Robot": [-19.36, -3.5400000000000063, 20.09, -59.22999999999999, 21.58]}, "6": {"Right_hand": [217, 251, 203, 100, 200, 193, 290, 290, 290], "Left_hand": [200, 200, 100, 100, 200, 100, 100, 100, 100], "Robot": [-19.36, -3.5400000000000063, 20.09, -59.22999999999999, 21.58]}, "9": {"Right_hand": [217, 251, 203, 100, 200, 193, 290, 290, 290], "Left_hand": [200, 200, 100, 100, 200, 100, 100, 100, 100], "Robot": [-19.36, -3.5400000000000063, 20.09, -59.22999999999999, 21.58]}, "15": {"Right_hand": [217, 251, 203, 100, 200, 193, 290, 290, 290], "Left_hand": [200, 200, 100, 100, 200, 100, 100, 100, 100], "Robot": [-19.36, -3.5400000000000063, 20.09, -59.22999999999999, 21.58]}, "8": {"Right_hand": [217, 251, 203, 100, 200, 193, 290, 290, 290], "Left_hand": [200, 200, 100, 100, 200, 100, 100, 100, 100], "Robot": [-19.36, -3.5400000000000063, 20.09, -59.22999999999999, 21.58]}}, "freq": "50", "actors_ID": [51, 52, 53, 54, 55], "frame_number": 21}