{"text": "", "actors_NAME": ["r_shoulder_y", "r_shoulder_x", "r_arm_z", "r_elbow_y", "r_forearm_z"], "emotion_time": [], "emotion_name": "", "position": {"11": {"Right_hand": [217, 251, 203, 100, 179, 193, 290, 290, 290], "Left_hand": [200, 200, 100, 100, 200, 100, 100, 100, 100], "Robot": [-11.980000000000004, -7.049999999999997, 25.71, -60.639999999999986, 29.5]}, "10": {"Right_hand": [217, 251, 203, 100, 179, 193, 290, 290, 290], "Left_hand": [200, 200, 100, 100, 200, 100, 100, 100, 100], "Robot": [-11.980000000000004, -7.049999999999997, 25.71, -60.639999999999986, 29.209999999999994]}, "13": {"Right_hand": [217, 251, 203, 100, 179, 193, 290, 290, 290], "Left_hand": [200, 200, 100, 100, 200, 100, 100, 100, 100], "Robot": [-11.980000000000004, -7.049999999999997, 25.71, -60.639999999999986, 29.209999999999994]}, "12": {"Right_hand": [217, 251, 203, 100, 179, 193, 290, 290, 290], "Left_hand": [200, 200, 100, 100, 200, 100, 100, 100, 100], "Robot": [-11.980000000000004, -7.049999999999997, 25.71, -60.639999999999986, 29.209999999999994]}, "20": {"Right_hand": [217, 251, 203, 100, 179, 193, 290, 290, 290], "Left_hand": [200, 200, 100, 100, 200, 100, 100, 100, 100], "Robot": [-11.980000000000004, -7.049999999999997, 25.71, -60.639999999999986, 29.209999999999994]}, "14": {"Right_hand": [217, 251, 203, 100, 179, 193, 290, 290, 290], "Left_hand": [200, 200, 100, 100, 200, 100, 100, 100, 100], "Robot": [-11.980000000000004, -7.049999999999997, 25.71, -60.639999999999986, 29.209999999999994]}, "17": {"Right_hand": [217, 251, 203, 100, 179, 193, 290, 290, 290], "Left_hand": [200, 200, 100, 100, 200, 100, 100, 100, 100], "Robot": [-11.980000000000004, -7.049999999999997, 25.71, -60.639999999999986, 29.209999999999994]}, "16": {"Right_hand": [217, 251, 203, 100, 179, 193, 290, 290, 290], "Left_hand": [200, 200, 100, 100, 200, 100, 100, 100, 100], "Robot": [-11.89, -7.140000000000001, 25.71, -60.639999999999986, 29.209999999999994]}, "19": {"Right_hand": [217, 251, 203, 100, 179, 193, 290, 290, 290], "Left_hand": [200, 200, 100, 100, 200, 100, 100, 100, 100], "Robot": [-11.980000000000004, -7.049999999999997, 25.71, -60.639999999999986, 29.209999999999994]}, "18": {"Right_hand": [217, 251, 203, 100, 179, 193, 290, 290, 290], "Left_hand": [200, 200, 100, 100, 200, 100, 100, 100, 100], "Robot": [-11.980000000000004, -7.049999999999997, 25.71, -60.639999999999986, 29.209999999999994]}, "15": {"Right_hand": [217, 251, 203, 100, 179, 193, 290, 290, 290], "Left_hand": [200, 200, 100, 100, 200, 100, 100, 100, 100], "Robot": [-11.980000000000004, -7.049999999999997, 25.71, -60.639999999999986, 29.209999999999994]}, "1": {"Right_hand": [217, 251, 203, 100, 179, 193, 290, 290, 290], "Left_hand": [200, 200, 100, 100, 200, 100, 100, 100, 100], "Robot": [-11.980000000000004, -6.969999999999999, 25.71, -60.639999999999986, 29.209999999999994]}, "0": {"Right_hand": [217, 251, 203, 100, 179, 193, 290, 290, 290], "Left_hand": [200, 200, 100, 100, 200, 100, 100, 100, 100], "Robot": [-11.980000000000004, -7.049999999999997, 25.71, -60.639999999999986, 29.209999999999994]}, "3": {"Right_hand": [217, 251, 203, 100, 179, 193, 290, 290, 290], "Left_hand": [200, 200, 100, 100, 200, 100, 100, 100, 100], "Robot": [-11.980000000000004, -6.969999999999999, 25.71, -60.639999999999986, 29.209999999999994]}, "2": {"Right_hand": [217, 251, 203, 100, 179, 193, 290, 290, 290], "Left_hand": [200, 200, 100, 100, 200, 100, 100, 100, 100], "Robot": [-11.980000000000004, -7.049999999999997, 25.71, -60.639999999999986, 29.209999999999994]}, "5": {"Right_hand": [217, 251, 203, 100, 179, 193, 290, 290, 290], "Left_hand": [200, 200, 100, 100, 200, 100, 100, 100, 100], "Robot": [-11.980000000000004, -7.049999999999997, 25.71, -60.72999999999999, 29.209999999999994]}, "4": {"Right_hand": [217, 251, 203, 100, 179, 193, 290, 290, 290], "Left_hand": [200, 200, 100, 100, 200, 100, 100, 100, 100], "Robot": [-11.980000000000004, -7.049999999999997, 25.71, -60.639999999999986, 29.209999999999994]}, "7": {"Right_hand": [217, 251, 203, 100, 179, 193, 290, 290, 290], "Left_hand": [200, 200, 100, 100, 200, 100, 100, 100, 100], "Robot": [-11.980000000000004, -7.049999999999997, 25.71, -60.639999999999986, 29.209999999999994]}, "6": {"Right_hand": [217, 251, 203, 100, 179, 193, 290, 290, 290], "Left_hand": [200, 200, 100, 100, 200, 100, 100, 100, 100], "Robot": [-11.980000000000004, -7.049999999999997, 25.71, -60.639999999999986, 29.209999999999994]}, "9": {"Right_hand": [217, 251, 203, 100, 179, 193, 290, 290, 290], "Left_hand": [200, 200, 100, 100, 200, 100, 100, 100, 100], "Robot": [-11.980000000000004, -7.049999999999997, 25.71, -60.639999999999986, 29.209999999999994]}, "8": {"Right_hand": [217, 251, 203, 100, 179, 193, 290, 290, 290], "Left_hand": [200, 200, 100, 100, 200, 100, 100, 100, 100], "Robot": [-11.980000000000004, -7.049999999999997, 25.71, -60.639999999999986, 29.209999999999994]}}, "freq": "50", "actors_ID": [51, 52, 53, 54, 55], "frame_number": 21}