{"text": "", "actors_NAME": ["r_shoulder_y", "r_shoulder_x", "r_arm_z", "r_elbow_y", "r_forearm_z"], "emotion_time": [], "emotion_name": "", "position": {"24": {"Right_hand": [191, 249, 124, 100, 232, 100, 100, 100, 100], "Left_hand": [200, 200, 100, 100, 200, 100, 100, 100, 100], "Robot": [-70.35, 17.209999999999994, 37.32, -42.44, 34.489999999999995]}, "25": {"Right_hand": [191, 249, 124, 100, 232, 100, 100, 100, 100], "Left_hand": [200, 200, 100, 100, 200, 100, 100, 100, 100], "Robot": [-70.35, 17.120000000000005, 37.32, -42.44, 34.489999999999995]}, "26": {"Right_hand": [191, 249, 124, 100, 232, 100, 100, 100, 100], "Left_hand": [200, 200, 100, 100, 200, 100, 100, 100, 100], "Robot": [-70.35, 17.120000000000005, 37.32, -42.44, 34.489999999999995]}, "27": {"Right_hand": [191, 249, 124, 100, 232, 100, 100, 100, 100], "Left_hand": [200, 200, 100, 100, 200, 100, 100, 100, 100], "Robot": [-70.35, 17.209999999999994, 37.32, -42.44, 34.489999999999995]}, "20": {"Right_hand": [191, 249, 124, 100, 232, 100, 100, 100, 100], "Left_hand": [200, 200, 100, 100, 200, 100, 100, 100, 100], "Robot": [-70.35, 17.209999999999994, 37.23, -42.44, 34.489999999999995]}, "21": {"Right_hand": [191, 249, 124, 100, 232, 100, 100, 100, 100], "Left_hand": [200, 200, 100, 100, 200, 100, 100, 100, 100], "Robot": [-70.35, 17.209999999999994, 37.23, -42.349999999999994, 34.489999999999995]}, "22": {"Right_hand": [191, 249, 124, 100, 232, 100, 100, 100, 100], "Left_hand": [200, 200, 100, 100, 200, 100, 100, 100, 100], "Robot": [-70.35, 17.209999999999994, 37.23, -42.349999999999994, 34.489999999999995]}, "23": {"Right_hand": [191, 249, 124, 100, 232, 100, 100, 100, 100], "Left_hand": [200, 200, 100, 100, 200, 100, 100, 100, 100], "Robot": [-70.35, 17.209999999999994, 37.32, -42.44, 34.489999999999995]}, "28": {"Right_hand": [191, 249, 124, 100, 232, 100, 100, 100, 100], "Left_hand": [200, 200, 100, 100, 200, 100, 100, 100, 100], "Robot": [-70.35, 17.120000000000005, 37.32, -42.44, 34.489999999999995]}, "29": {"Right_hand": [191, 249, 124, 100, 232, 100, 100, 100, 100], "Left_hand": [200, 200, 100, 100, 200, 100, 100, 100, 100], "Robot": [-70.35, 17.120000000000005, 37.32, -42.44, 34.489999999999995]}, "1": {"Right_hand": [191, 249, 124, 100, 232, 100, 100, 100, 100], "Left_hand": [200, 200, 100, 100, 200, 100, 100, 100, 100], "Robot": [-70.35, 17.209999999999994, 37.23, -42.349999999999994, 34.489999999999995]}, "0": {"Right_hand": [191, 249, 124, 100, 232, 100, 100, 100, 100], "Left_hand": [200, 200, 100, 100, 200, 100, 100, 100, 100], "Robot": [-70.35, 17.209999999999994, 37.23, -42.349999999999994, 34.489999999999995]}, "3": {"Right_hand": [191, 249, 124, 100, 232, 100, 100, 100, 100], "Left_hand": [200, 200, 100, 100, 200, 100, 100, 100, 100], "Robot": [-70.35, 17.209999999999994, 37.23, -42.44, 34.19]}, "2": {"Right_hand": [191, 249, 124, 100, 232, 100, 100, 100, 100], "Left_hand": [200, 200, 100, 100, 200, 100, 100, 100, 100], "Robot": [-70.35, 17.209999999999994, 37.23, -42.44, 34.19]}, "5": {"Right_hand": [191, 249, 124, 100, 232, 100, 100, 100, 100], "Left_hand": [200, 200, 100, 100, 200, 100, 100, 100, 100], "Robot": [-70.35, 17.209999999999994, 37.23, -42.44, 34.489999999999995]}, "4": {"Right_hand": [191, 249, 124, 100, 232, 100, 100, 100, 100], "Left_hand": [200, 200, 100, 100, 200, 100, 100, 100, 100], "Robot": [-70.35, 17.209999999999994, 37.23, -42.44, 34.489999999999995]}, "7": {"Right_hand": [191, 249, 124, 100, 232, 100, 100, 100, 100], "Left_hand": [200, 200, 100, 100, 200, 100, 100, 100, 100], "Robot": [-70.35, 17.120000000000005, 37.23, -42.349999999999994, 34.489999999999995]}, "6": {"Right_hand": [191, 249, 124, 100, 232, 100, 100, 100, 100], "Left_hand": [200, 200, 100, 100, 200, 100, 100, 100, 100], "Robot": [-70.35, 17.120000000000005, 37.23, -42.349999999999994, 34.489999999999995]}, "9": {"Right_hand": [191, 249, 124, 100, 232, 100, 100, 100, 100], "Left_hand": [200, 200, 100, 100, 200, 100, 100, 100, 100], "Robot": [-70.35, 17.120000000000005, 37.23, -42.44, 34.489999999999995]}, "8": {"Right_hand": [191, 249, 124, 100, 232, 100, 100, 100, 100], "Left_hand": [200, 200, 100, 100, 200, 100, 100, 100, 100], "Robot": [-70.35, 17.120000000000005, 37.23, -42.44, 34.489999999999995]}, "11": {"Right_hand": [191, 249, 124, 100, 232, 100, 100, 100, 100], "Left_hand": [200, 200, 100, 100, 200, 100, 100, 100, 100], "Robot": [-70.35, 17.209999999999994, 37.23, -42.44, 34.489999999999995]}, "10": {"Right_hand": [191, 249, 124, 100, 232, 100, 100, 100, 100], "Left_hand": [200, 200, 100, 100, 200, 100, 100, 100, 100], "Robot": [-70.35, 17.209999999999994, 37.23, -42.44, 34.489999999999995]}, "13": {"Right_hand": [191, 249, 124, 100, 232, 100, 100, 100, 100], "Left_hand": [200, 200, 100, 100, 200, 100, 100, 100, 100], "Robot": [-70.35, 17.209999999999994, 37.23, -42.44, 34.489999999999995]}, "12": {"Right_hand": [191, 249, 124, 100, 232, 100, 100, 100, 100], "Left_hand": [200, 200, 100, 100, 200, 100, 100, 100, 100], "Robot": [-70.35, 17.209999999999994, 37.23, -42.44, 34.489999999999995]}, "15": {"Right_hand": [191, 249, 124, 100, 232, 100, 100, 100, 100], "Left_hand": [200, 200, 100, 100, 200, 100, 100, 100, 100], "Robot": [-70.35, 17.209999999999994, 37.23, -42.44, 34.489999999999995]}, "14": {"Right_hand": [191, 249, 124, 100, 232, 100, 100, 100, 100], "Left_hand": [200, 200, 100, 100, 200, 100, 100, 100, 100], "Robot": [-70.35, 17.209999999999994, 37.23, -42.44, 34.489999999999995]}, "17": {"Right_hand": [191, 249, 124, 100, 232, 100, 100, 100, 100], "Left_hand": [200, 200, 100, 100, 200, 100, 100, 100, 100], "Robot": [-70.35, 17.209999999999994, 37.32, -42.44, 34.489999999999995]}, "16": {"Right_hand": [191, 249, 124, 100, 232, 100, 100, 100, 100], "Left_hand": [200, 200, 100, 100, 200, 100, 100, 100, 100], "Robot": [-70.35, 17.209999999999994, 37.23, -42.44, 34.489999999999995]}, "33": {"Right_hand": [191, 249, 124, 100, 232, 100, 100, 100, 100], "Left_hand": [200, 200, 100, 100, 200, 100, 100, 100, 100], "Robot": [-70.35, 17.209999999999994, 37.23, -42.44, 34.489999999999995]}, "32": {"Right_hand": [191, 249, 124, 100, 232, 100, 100, 100, 100], "Left_hand": [200, 200, 100, 100, 200, 100, 100, 100, 100], "Robot": [-70.35, 17.209999999999994, 37.23, -42.44, 34.489999999999995]}, "31": {"Right_hand": [191, 249, 124, 100, 232, 100, 100, 100, 100], "Left_hand": [200, 200, 100, 100, 200, 100, 100, 100, 100], "Robot": [-70.35, 17.209999999999994, 37.23, -42.44, 34.489999999999995]}, "30": {"Right_hand": [191, 249, 124, 100, 232, 100, 100, 100, 100], "Left_hand": [200, 200, 100, 100, 200, 100, 100, 100, 100], "Robot": [-70.35, 17.209999999999994, 37.23, -42.44, 34.489999999999995]}, "35": {"Right_hand": [191, 249, 124, 100, 232, 100, 100, 100, 100], "Left_hand": [200, 200, 100, 100, 200, 100, 100, 100, 100], "Robot": [-70.35, 17.209999999999994, 37.32, -42.44, 34.489999999999995]}, "34": {"Right_hand": [191, 249, 124, 100, 232, 100, 100, 100, 100], "Left_hand": [200, 200, 100, 100, 200, 100, 100, 100, 100], "Robot": [-70.35, 17.209999999999994, 37.32, -42.44, 34.489999999999995]}, "19": {"Right_hand": [191, 249, 124, 100, 232, 100, 100, 100, 100], "Left_hand": [200, 200, 100, 100, 200, 100, 100, 100, 100], "Robot": [-70.35, 17.209999999999994, 37.23, -42.44, 34.489999999999995]}, "18": {"Right_hand": [191, 249, 124, 100, 232, 100, 100, 100, 100], "Left_hand": [200, 200, 100, 100, 200, 100, 100, 100, 100], "Robot": [-70.35, 17.209999999999994, 37.23, -42.44, 34.489999999999995]}}, "freq": "50", "actors_ID": [51, 52, 53, 54, 55], "frame_number": 36}