{"text": "", "actors_NAME": ["r_shoulder_y", "r_shoulder_x", "r_arm_z", "r_elbow_y", "r_forearm_z"], "emotion_time": [], "emotion_name": "", "position": {"24": {"Right_hand": [211, 246, 118, 100, 200, 100, 287, 287, 287], "Left_hand": [200, 200, 100, 100, 200, 100, 100, 100, 100], "Robot": [-14.260000000000005, -3.3599999999999994, 3.21, -69.87, 4.280000000000001]}, "25": {"Right_hand": [211, 246, 118, 100, 200, 100, 287, 287, 287], "Left_hand": [200, 200, 100, 100, 200, 100, 100, 100, 100], "Robot": [-14.260000000000005, -3.3599999999999994, 3.21, -69.87, 4.280000000000001]}, "26": {"Right_hand": [211, 246, 118, 100, 200, 100, 287, 287, 287], "Left_hand": [200, 200, 100, 100, 200, 100, 100, 100, 100], "Robot": [-14.260000000000005, -3.450000000000003, 3.21, -69.96000000000001, 4.280000000000001]}, "27": {"Right_hand": [211, 246, 118, 100, 200, 100, 287, 287, 287], "Left_hand": [200, 200, 100, 100, 200, 100, 100, 100, 100], "Robot": [-14.260000000000005, -3.450000000000003, 3.21, -69.96000000000001, 4.280000000000001]}, "20": {"Right_hand": [211, 246, 118, 100, 200, 100, 287, 287, 287], "Left_hand": [200, 200, 100, 100, 200, 100, 100, 100, 100], "Robot": [-14.260000000000005, -3.450000000000003, 3.21, -69.87, 4.280000000000001]}, "21": {"Right_hand": [211, 246, 118, 100, 200, 100, 287, 287, 287], "Left_hand": [200, 200, 100, 100, 200, 100, 100, 100, 100], "Robot": [-14.260000000000005, -3.450000000000003, 3.21, -69.87, 4.280000000000001]}, "22": {"Right_hand": [211, 246, 118, 100, 200, 100, 287, 287, 287], "Left_hand": [200, 200, 100, 100, 200, 100, 100, 100, 100], "Robot": [-14.260000000000005, -3.450000000000003, 3.21, -69.87, 4.280000000000001]}, "23": {"Right_hand": [211, 246, 118, 100, 200, 100, 287, 287, 287], "Left_hand": [200, 200, 100, 100, 200, 100, 100, 100, 100], "Robot": [-14.260000000000005, -3.450000000000003, 3.21, -69.87, 4.280000000000001]}, "28": {"Right_hand": [211, 246, 118, 100, 200, 100, 287, 287, 287], "Left_hand": [200, 200, 100, 100, 200, 100, 100, 100, 100], "Robot": [-14.260000000000005, -3.450000000000003, 3.21, -69.96000000000001, 4.280000000000001]}, "29": {"Right_hand": [211, 246, 118, 100, 200, 100, 287, 287, 287], "Left_hand": [200, 200, 100, 100, 200, 100, 100, 100, 100], "Robot": [-14.260000000000005, -3.450000000000003, 3.21, -69.96000000000001, 4.280000000000001]}, "1": {"Right_hand": [211, 246, 118, 100, 200, 100, 287, 287, 287], "Left_hand": [200, 200, 100, 100, 200, 100, 100, 100, 100], "Robot": [-14.180000000000007, -3.450000000000003, 3.21, -69.87, 4.280000000000001]}, "0": {"Right_hand": [211, 246, 118, 100, 200, 100, 287, 287, 287], "Left_hand": [200, 200, 100, 100, 200, 100, 100, 100, 100], "Robot": [-14.260000000000005, -3.450000000000003, 3.21, -69.87, 4.280000000000001]}, "3": {"Right_hand": [211, 246, 118, 100, 200, 100, 287, 287, 287], "Left_hand": [200, 200, 100, 100, 200, 100, 100, 100, 100], "Robot": [-14.260000000000005, -3.450000000000003, 3.21, -69.87, 4.280000000000001]}, "2": {"Right_hand": [211, 246, 118, 100, 200, 100, 287, 287, 287], "Left_hand": [200, 200, 100, 100, 200, 100, 100, 100, 100], "Robot": [-14.180000000000007, -3.450000000000003, 3.21, -69.96000000000001, 4.280000000000001]}, "5": {"Right_hand": [211, 246, 118, 100, 200, 100, 287, 287, 287], "Left_hand": [200, 200, 100, 100, 200, 100, 100, 100, 100], "Robot": [-14.260000000000005, -3.450000000000003, 3.12, -69.96000000000001, 4.280000000000001]}, "4": {"Right_hand": [211, 246, 118, 100, 200, 100, 287, 287, 287], "Left_hand": [200, 200, 100, 100, 200, 100, 100, 100, 100], "Robot": [-14.260000000000005, -3.450000000000003, 3.21, -69.87, 4.280000000000001]}, "7": {"Right_hand": [211, 246, 118, 100, 200, 100, 287, 287, 287], "Left_hand": [200, 200, 100, 100, 200, 100, 100, 100, 100], "Robot": [-14.260000000000005, -3.450000000000003, 3.21, -69.87, 4.280000000000001]}, "6": {"Right_hand": [211, 246, 118, 100, 200, 100, 287, 287, 287], "Left_hand": [200, 200, 100, 100, 200, 100, 100, 100, 100], "Robot": [-14.260000000000005, -3.450000000000003, 3.12, -69.96000000000001, 4.280000000000001]}, "9": {"Right_hand": [211, 246, 118, 100, 200, 100, 287, 287, 287], "Left_hand": [200, 200, 100, 100, 200, 100, 100, 100, 100], "Robot": [-14.260000000000005, -3.450000000000003, 3.21, -69.87, 4.280000000000001]}, "8": {"Right_hand": [211, 246, 118, 100, 200, 100, 287, 287, 287], "Left_hand": [200, 200, 100, 100, 200, 100, 100, 100, 100], "Robot": [-14.260000000000005, -3.450000000000003, 3.21, -69.87, 4.280000000000001]}, "13": {"Right_hand": [211, 246, 118, 100, 200, 100, 287, 287, 287], "Left_hand": [200, 200, 100, 100, 200, 100, 100, 100, 100], "Robot": [-14.260000000000005, -3.450000000000003, 3.21, -69.87, 4.280000000000001]}, "12": {"Right_hand": [211, 246, 118, 100, 200, 100, 287, 287, 287], "Left_hand": [200, 200, 100, 100, 200, 100, 100, 100, 100], "Robot": [-14.260000000000005, -3.450000000000003, 3.21, -69.87, 4.280000000000001]}, "11": {"Right_hand": [211, 246, 118, 100, 200, 100, 287, 287, 287], "Left_hand": [200, 200, 100, 100, 200, 100, 100, 100, 100], "Robot": [-14.260000000000005, -3.450000000000003, 3.21, -69.87, 4.280000000000001]}, "10": {"Right_hand": [211, 246, 118, 100, 200, 100, 287, 287, 287], "Left_hand": [200, 200, 100, 100, 200, 100, 100, 100, 100], "Robot": [-14.260000000000005, -3.450000000000003, 3.21, -69.87, 4.280000000000001]}, "39": {"Right_hand": [211, 246, 118, 100, 200, 100, 287, 287, 287], "Left_hand": [200, 200, 100, 100, 200, 100, 100, 100, 100], "Robot": [-14.260000000000005, -3.450000000000003, 3.21, -70.03999999999999, 4.280000000000001]}, "38": {"Right_hand": [211, 246, 118, 100, 200, 100, 287, 287, 287], "Left_hand": [200, 200, 100, 100, 200, 100, 100, 100, 100], "Robot": [-14.260000000000005, -3.450000000000003, 3.21, -70.03999999999999, 4.280000000000001]}, "15": {"Right_hand": [211, 246, 118, 100, 200, 100, 287, 287, 287], "Left_hand": [200, 200, 100, 100, 200, 100, 100, 100, 100], "Robot": [-14.260000000000005, -3.450000000000003, 3.21, -69.96000000000001, 4.280000000000001]}, "14": {"Right_hand": [211, 246, 118, 100, 200, 100, 287, 287, 287], "Left_hand": [200, 200, 100, 100, 200, 100, 100, 100, 100], "Robot": [-14.260000000000005, -3.450000000000003, 3.21, -69.96000000000001, 4.280000000000001]}, "17": {"Right_hand": [211, 246, 118, 100, 200, 100, 287, 287, 287], "Left_hand": [200, 200, 100, 100, 200, 100, 100, 100, 100], "Robot": [-14.260000000000005, -3.450000000000003, 3.21, -69.96000000000001, 4.280000000000001]}, "16": {"Right_hand": [211, 246, 118, 100, 200, 100, 287, 287, 287], "Left_hand": [200, 200, 100, 100, 200, 100, 100, 100, 100], "Robot": [-14.260000000000005, -3.450000000000003, 3.21, -69.96000000000001, 4.280000000000001]}, "33": {"Right_hand": [211, 246, 118, 100, 200, 100, 287, 287, 287], "Left_hand": [200, 200, 100, 100, 200, 100, 100, 100, 100], "Robot": [-14.260000000000005, -3.450000000000003, 3.21, -70.03999999999999, 4.280000000000001]}, "32": {"Right_hand": [211, 246, 118, 100, 200, 100, 287, 287, 287], "Left_hand": [200, 200, 100, 100, 200, 100, 100, 100, 100], "Robot": [-14.260000000000005, -3.450000000000003, 3.21, -69.96000000000001, 4.280000000000001]}, "31": {"Right_hand": [211, 246, 118, 100, 200, 100, 287, 287, 287], "Left_hand": [200, 200, 100, 100, 200, 100, 100, 100, 100], "Robot": [-14.260000000000005, -3.450000000000003, 3.21, -69.96000000000001, 4.280000000000001]}, "30": {"Right_hand": [211, 246, 118, 100, 200, 100, 287, 287, 287], "Left_hand": [200, 200, 100, 100, 200, 100, 100, 100, 100], "Robot": [-14.260000000000005, -3.450000000000003, 3.21, -69.96000000000001, 4.280000000000001]}, "37": {"Right_hand": [211, 246, 118, 100, 200, 100, 287, 287, 287], "Left_hand": [200, 200, 100, 100, 200, 100, 100, 100, 100], "Robot": [-14.260000000000005, -3.450000000000003, 3.21, -70.03999999999999, 4.280000000000001]}, "36": {"Right_hand": [211, 246, 118, 100, 200, 100, 287, 287, 287], "Left_hand": [200, 200, 100, 100, 200, 100, 100, 100, 100],