{"text": "", "actors_NAME": ["r_shoulder_y", "r_shoulder_x", "r_arm_z", "r_elbow_y", "r_forearm_z"], "emotion_time": [], "emotion_name": "", "position": {"24": {"Right_hand": [225, 200, 100, 100, 150, 100, 100, 100, 100], "Left_hand": [200, 200, 100, 100, 200, 100, 100, 100, 100], "Robot": [-21.641360000000002, 1.9006399999999963, -0.22112000000000043, -49.20367999999999, 1.0901600000000014]}, "25": {"Right_hand": [225, 200, 100, 100, 150, 100, 100, 100, 100], "Left_hand": [200, 200, 100, 100, 200, 100, 100, 100, 100], "Robot": [-22.072592592592596, 1.9033333333333298, -0.34740740740740783, -48.29333333333332, 1.0814814814814833]}, "26": {"Right_hand": [225, 200, 100, 100, 150, 100, 100, 100, 100], "Left_hand": [200, 200, 100, 100, 200, 100, 100, 100, 100], "Robot": [-22.439780740740744, 1.905626666666663, -0.4549392592592594, -47.51818666666666, 1.0740918518518536]}, "27": {"Right_hand": [225, 200, 100, 100, 150, 100, 100, 100, 100], "Left_hand": [200, 200, 100, 100, 200, 100, 100, 100, 100], "Robot": [-22.73652, 1.9074799999999965, -0.5418399999999992, -46.89175999999999, 1.0681200000000022]}, "20": {"Right_hand": [225, 200, 100, 100, 150, 100, 100, 100, 100], "Left_hand": [200, 200, 100, 100, 200, 100, 100, 100, 100], "Robot": [-19.404074074074074, 1.8866666666666623, 0.4340740740740743, -53.92666666666666, 1.1351851851851853]}, "21": {"Right_hand": [225, 200, 100, 100, 150, 100, 100, 100, 100], "Left_hand": [200, 200, 100, 100, 200, 100, 100, 100, 100], "Robot": [-20.02744, 1.8905599999999958, 0.25152000000000063, -52.61072, 1.1226400000000005]}, "22": {"Right_hand": [225, 200, 100, 100, 150, 100, 100, 100, 100], "Left_hand": [200, 200, 100, 100, 200, 100, 100, 100, 100], "Robot": [-20.61237925925926, 1.8942133333333293, 0.08021925925925988, -51.37589333333333, 1.110868148148149]}, "23": {"Right_hand": [225, 200, 100, 100, 150, 100, 100, 100, 100], "Left_hand": [200, 200, 100, 100, 200, 100, 100, 100, 100], "Robot": [-21.152487407407406, 1.8975866666666628, -0.07795259259259257, -50.23570666666666, 1.0999985185185197]}, "28": {"Right_hand": [225, 200, 100, 100, 150, 100, 100, 100, 100], "Left_hand": [200, 200, 100, 100, 200, 100, 100, 100, 100], "Robot": [-22.956405925925928, 1.90885333333333, -0.6062340740740741, -46.42757333333333, 1.0636948148148169]}, "29": {"Right_hand": [225, 200, 100, 100, 150, 100, 100, 100, 100], "Left_hand": [200, 200, 100, 100, 200, 100, 100, 100, 100], "Robot": [-23.093034074074076, 1.9097066666666633, -0.6462459259259252, -46.13914666666666, 1.0609451851851874]}, "1": {"Right_hand": [202, 194, 178, 100, 200, 290, 290, 290, 290], "Left_hand": [200, 200, 100, 100, 200, 100, 100, 100, 100], "Robot": [-8.77696592592593, 1.8202933333333264, 3.546245925925926, -76.36085333333334, 1.3490548148148092]}, "0": {"Right_hand": [202, 194, 178, 100, 200, 290, 290, 290, 290], "Left_hand": [200, 200, 100, 100, 200, 100, 100, 100, 100], "Robot": [-8.730000000000004, 1.8199999999999932, 3.56, -76.46000000000001, 1.3499999999999943]}, "3": {"Right_hand": [202, 194, 178, 100, 200, 290, 290, 290, 290], "Left_hand": [200, 200, 100, 100, 200, 100, 100, 100, 100], "Robot": [-9.133480000000004, 1.8225199999999933, 3.44184, -75.60824000000001, 1.3418799999999946]}, "2": {"Right_hand": [202, 194, 178, 100, 200, 290, 290, 290, 290], "Left_hand": [200, 200, 100, 100, 200, 100, 100, 100, 100], "Robot": [-8.913594074074078, 1.8211466666666598, 3.506234074074074, -76.07242666666667, 1.3463051851851795]}, "5": {"Right_hand": [202, 194, 178, 100, 200, 290, 290, 290, 290], "Left_hand": [200, 200, 100, 100, 200, 100, 100, 100, 100], "Robot": [-9.79740740740741, 1.82666666666666, 3.2474074074074073, -74.20666666666668, 1.3285185185185133]}, "4": {"Right_hand": [202, 194, 178, 100, 200, 290, 290, 290, 290], "Left_hand": [200, 200, 100, 100, 200, 100, 100, 100, 100], "Robot": [-9.430219259259264, 1.8243733333333267, 3.3549392592592593, -74.98181333333333, 1.335908148148143]}, "7": {"Right_hand": [202, 194, 178, 100, 200, 290, 290, 290, 290], "Left_hand": [200, 200, 100, 100, 200, 100, 100, 100, 100], "Robot": [-10.717512592592596, 1.832413333333327, 2.977952592592593, -72.26429333333334, 1.3100014814814769]}, "6": {"Right_hand": [202, 194, 178, 100, 200, 290, 290, 290, 290], "Left_hand": [200, 200, 100, 100, 200, 100, 100, 100, 100], "Robot": [-10.228640000000004, 1.8293599999999934, 3.12112, -73.29632000000001, 1.3198399999999952]}, "9": {"Right_hand": [207, 195, 158, 100, 187, 242, 242, 242, 242], "Left_hand": [200, 200, 100, 100, 200, 100, 100, 100, 100], "Robot": [-11.842560000000002, 1.839439999999994, 2.64848, -69.88928, 1.287359999999996]}, "8": {"Right_hand": [204, 194, 168, 100, 193, 266, 266, 266, 266], "Left_hand": [200, 200, 100, 100, 200, 100, 100, 100, 100], "Robot": [-11.257620740740744, 1.8357866666666605, 2.8197807407407405, -71.12410666666668, 1.2991318518518475]}, "11": {"Right_hand": [213, 197, 139, 100, 175, 195, 195, 195, 195], "Left_hand": [200, 200, 100, 100, 200, 100, 100, 100, 100], "Robot": [-13.121314074074077, 1.8474266666666608, 2.273994074074074, -67.18978666666666, 1.2616251851851819]}, "10": {"Right_hand": [210, 196, 148, 100, 181, 218, 218, 218, 218], "Left_hand": [200, 200, 100, 100, 200, 100, 100, 100, 100], "Robot": [-12.465925925925928, 1.8433333333333275, 2.465925925925926, -68.57333333333334, 1.2748148148148113]}, "13": {"Right_hand": [219, 198, 119, 100, 162, 147, 147, 147, 147], "Left_hand": [200, 200, 100, 100, 200, 100, 100, 100, 100], "Robot": [-14.502539259259262, 1.8560533333333278, 1.8694992592592594, -64.27397333333333, 1.2338281481481457]}, "12": {"Right_hand": [216, 197, 129, 100, 168, 171, 171, 171, 171], "Left_hand": [200, 200, 100, 100, 200, 100, 100, 100, 100], "Robot": [-13.802320000000005, 1.8516799999999944, 2.07456, -65.75216, 1.247919999999997]}, "15": {"Right_hand": [225, 200, 100, 100, 150, 100, 100, 100, 100], "Left_hand": [200, 200, 100, 100, 200, 100, 100, 100, 100], "Robot": [-15.935000000000002, 1.8649999999999949, 1.4500000000000002, -61.25, 1.2049999999999983]}, "14": {"Right_hand": [222, 199, 109, 100, 156, 123, 123, 123, 123], "Left_hand": [200, 200, 100, 100, 200, 100, 100, 100, 100], "Robot": [-15.21556740740741, 1.8605066666666614, 1.6606874074074076, -62.768746666666665, 1.2194785185185164]}, "17": {"Right_hand": [225, 200, 100, 100, 150, 100, 100, 100, 100], "Left_hand": [200, 200, 100, 100, 200, 100, 100, 100, 100], "Robot": [-17.367460740740743, 1.873946666666662, 1.0305007407407412, -58.22602666666667, 1.176171851851851]}, "16": {"Right_hand": [225, 200, 100, 100, 150, 100, 100, 100, 100], "Left_hand": [200, 200, 100, 100, 200, 100, 100, 100, 100], "Robot": [-16.654432592592595, 1.8694933333333283, 1.2393125925925927, -59.73125333333333, 1.1905214814814802]}, "19": {"Right_hand": [225, 200, 100, 100, 150, 100, 100, 100, 100], "Left_hand": [200, 200, 100, 100, 200, 100, 100, 100, 100], "Robot": [-18.748685925925926, 1.8825733333333288, 0.6260059259259263, -55.31021333333333, 1.1483748148148147]}, "18": {"Right_hand": [225, 200, 100, 100, 150, 100, 100, 100, 100], "Left_hand": [200, 200, 100, 100, 200, 100, 100, 100, 100], "Robot": [-18.067680000000003, 1.8783199999999953, 0.82544, -56.74784, 1.1620799999999996]}, "30": {"Right_hand": [225, 200, 100, 100, 150, 100, 100, 100, 100], "Left_hand": [200, 200, 100, 100, 200, 100, 100, 100, 100], "Robot": [-23.14, 1.9099999999999966, -0.6599999999999997, -46.03999999999999, 1.0600000000000023]}}, "freq": 31.0, "frame_number": 31}