{"actors_NAME": ["r_shoulder_y", "r_shoulder_x", "r_arm_z", "r_elbow_y", "r_forearm_z"], "freq": "50", "actors_ID": [51, 52, 53, 54, 55], "frame_number": 64, "position": {"24": {"Right_hand": [186, 143, 191, 173, 161, 100, 291, 291, 293], "Left_hand": [200, 200, 100, 100, 200, 100, 100, 100, 100], "Robot": [-15.579999999999998, -0.29000000000000625, 44.79, -58.78999999999999, -130.62]}, "25": {"Right_hand": [186, 143, 191, 173, 161, 100, 291, 291, 293], "Left_hand": [200, 200, 100, 100, 200, 100, 100, 100, 100], "Robot": [-15.579999999999998, -0.45999999999999375, 44.7, -58.879999999999995, -130.62]}, "26": {"Right_hand": [186, 143, 191, 173, 161, 100, 291, 291, 293], "Left_hand": [200, 200, 100, 100, 200, 100, 100, 100, 100], "Robot": [-15.579999999999998, -0.45999999999999375, 44.7, -58.879999999999995, -130.62]}, "27": {"Right_hand": [186, 143, 191, 173, 161, 100, 291, 291, 293], "Left_hand": [200, 200, 100, 100, 200, 100, 100, 100, 100], "Robot": [-15.579999999999998, -0.45999999999999375, 44.62, -58.879999999999995, -130.62]}, "20": {"Right_hand": [186, 143, 191, 173, 161, 100, 291, 291, 293], "Left_hand": [200, 200, 100, 100, 200, 100, 100, 100, 100], "Robot": [-15.579999999999998, 0.3299999999999983, 44.88, -58.620000000000005, -130.62]}, "21": {"Right_hand": [186, 143, 191, 173, 161, 100, 291, 291, 293], "Left_hand": [200, 200, 100, 100, 200, 100, 100, 100, 100], "Robot": [-15.579999999999998, 0.3299999999999983, 44.88, -58.620000000000005, -130.62]}, "22": {"Right_hand": [186, 143, 191, 173, 161, 100, 291, 291, 293], "Left_hand": [200, 200, 100, 100, 200, 100, 100, 100, 100], "Robot": [-15.579999999999998, -0.20000000000000284, 44.79, -58.69999999999999, -130.62]}, "23": {"Right_hand": [186, 143, 191, 173, 161, 100, 291, 291, 293], "Left_hand": [200, 200, 100, 100, 200, 100, 100, 100, 100], "Robot": [-15.579999999999998, -0.29000000000000625, 44.79, -58.69999999999999, -130.62]}, "28": {"Right_hand": [186, 143, 191, 173, 161, 100, 291, 291, 293], "Left_hand": [200, 200, 100, 100, 200, 100, 100, 100, 100], "Robot": [-15.579999999999998, -0.37000000000000455, 44.62, -58.879999999999995, -130.62]}, "29": {"Right_hand": [186, 143, 191, 173, 161, 100, 291, 291, 293], "Left_hand": [200, 200, 100, 100, 200, 100, 100, 100, 100], "Robot": [-15.579999999999998, -0.37000000000000455, 44.7, -58.97, -130.62]}, "0": {"Right_hand": [200, 200, 100, 100, 200, 100, 100, 100, 100], "Left_hand": [200, 200, 100, 100, 200, 100, 100, 100, 100], "Robot": [-15.579999999999998, 4.549999999999997, 39.25, -50.69999999999999, -130.62]}, "4": {"Right_hand": [200, 200, 100, 100, 200, 100, 100, 100, 100], "Left_hand": [200, 200, 100, 100, 200, 100, 100, 100, 100], "Robot": [-15.670000000000002, 4.549999999999997, 40.48, -52.55000000000001, -130.62]}, "8": {"Right_hand": [198, 192, 111, 109, 195, 100, 123, 123, 124], "Left_hand": [200, 200, 100, 100, 200, 100, 100, 100, 100], "Robot": [-15.579999999999998, 3.760000000000005, 41.98, -54.66, -130.62]}, "59": {"Right_hand": [200, 200, 100, 100, 200, 100, 100, 100, 100], "Left_hand": [200, 200, 100, 100, 200, 100, 100, 100, 100], "Robot": [-15.579999999999998, -0.29000000000000625, 44.62, -58.620000000000005, -130.62]}, "58": {"Right_hand": [200, 200, 100, 100, 200, 100, 100, 100, 100], "Left_hand": [200, 200, 100, 100, 200, 100, 100, 100, 100], "Robot": [-15.579999999999998, -0.29000000000000625, 44.62, -58.620000000000005, -130.62]}, "55": {"Right_hand": [200, 200, 100, 100, 200, 100, 100, 100, 100], "Left_hand": [200, 200, 100, 100, 200, 100, 100, 100, 100], "Robot": [-15.579999999999998, -0.29000000000000625, 44.62, -58.78999999999999, -130.91]}, "54": {"Right_hand": [200, 200, 100, 100, 200, 100, 100, 100, 100], "Left_hand": [200, 200, 100, 100, 200, 100, 100, 100, 100], "Robot": [-15.579999999999998, -0.29000000000000625, 44.62, -58.879999999999995, -130.62]}, "57": {"Right_hand": [200, 200, 100, 100, 200, 100, 100, 100, 100], "Left_hand": [200, 200, 100, 100, 200, 100, 100, 100, 100], "Robot": [-15.579999999999998, -0.29000000000000625, 44.62, -58.78999999999999, -130.62]}, "56": {"Right_hand": [200, 200, 100, 100, 200, 100, 100, 100, 100], "Left_hand": [200, 200, 100, 100, 200, 100, 100, 100, 100], "Robot": [-15.579999999999998, -0.29000000000000625, 44.62, -58.78999999999999, -130.91]}, "51": {"Right_hand": [200, 200, 100, 100, 200, 100, 100, 100, 100], "Left_hand": [200, 200, 100, 100, 200, 100, 100, 100, 100], "Robot": [-15.579999999999998, -0.29000000000000625, 44.62, -58.879999999999995, -130.62]}, "50": {"Right_hand": [200, 200, 100, 100, 200, 100, 100, 100, 100], "Left_hand": [200, 200, 100, 100, 200, 100, 100, 100, 100], "Robot": [-15.579999999999998, -0.29000000000000625, 44.62, -58.879999999999995, -131.2]}, "53": {"Right_hand": [200, 200, 100, 100, 200, 100, 100, 100, 100], "Left_hand": [200, 200, 100, 100, 200, 100, 100, 100, 100], "Robot": [-15.579999999999998, -0.29000000000000625, 44.62, -58.879999999999995, -130.62]}, "52": {"Right_hand": [200, 200, 100, 100, 200, 100, 100, 100, 100], "Left_hand": [200, 200, 100, 100, 200, 100, 100, 100, 100], "Robot": [-15.579999999999998, -0.29000000000000625, 44.62, -58.879999999999995, -130.62]}, "3": {"Right_hand": [200, 200, 100, 100, 200, 100, 100, 100, 100], "Left_hand": [200, 200, 100, 100, 200, 100, 100, 100, 100], "Robot": [-15.670000000000002, 4.549999999999997, 40.48, -52.55000000000001, -130.62]}, "7": {"Right_hand": [200, 200, 100, 100, 200, 100, 100, 100, 100], "Left_hand": [200, 200, 100, 100, 200, 100, 100, 100, 100], "Robot": [-15.579999999999998, 4.3700000000000045, 41.98, -54.66, -130.62]}, "39": {"Right_hand": [193, 171, 145, 136, 180, 100, 195, 195, 196], "Left_hand": [200, 200, 100, 100, 200, 100, 100, 100, 100], "Robot": [-15.579999999999998, -0.29000000000000625, 44.62, -58.97, -130.62]}, "38": {"Right_hand": [191, 164, 156, 145, 175, 100, 219, 219, 220], "Left_hand": [200, 200, 100, 100, 200, 100, 100, 100, 100], "Robot": [-15.579999999999998, -0.29000000000000625, 44.62, -58.97, -130.62]}, "33": {"Right_hand": [186, 143, 191, 173, 161, 100, 291, 291, 293], "Left_hand": [200, 200, 100, 100, 200, 100, 100, 100, 100], "Robot": [-15.579999999999998, -0.29000000000000625, 44.62, -58.879999999999995, -130.62]}, "32": {"Right_hand": [186, 143, 191, 173, 161, 100, 291, 291, 293], "Left_hand": [200, 200, 100, 100, 200, 100, 100, 100, 100], "Robot": [-15.579999999999998, -0.29000000000000625, 44.62, -58.879999999999995, -130.62]}, "31": {"Right_hand": [186, 143, 191, 173, 161, 100, 291, 291, 293], "Left_hand": [200, 200, 100, 100, 200, 100, 100, 100, 100], "Robot": [-15.579999999999998, -0.29000000000000625, 44.7, -58.97, -130.62]}, "30": {"Right_hand": [186, 143, 191, 173, 161, 100, 291, 291, 293], "Left_hand": [200, 200, 100, 100, 200, 100, 100, 100, 100], "Robot": [-15.579999999999998, -0.29000000000000625, 44.7, -58.97, -130.62]}, "37": {"Right_hand": [189, 157, 168, 154, 170, 100, 243, 243, 244], "Left_hand": [200, 200, 100, 100, 200, 100, 100, 100, 100], "Robot": [-15.579999999999998, -0.29000000000000625, 44.62, -58.97, -130.62]}, "36": {"Right_hand": [187, 150, 179, 163, 165, 100, 267, 267, 268], "Left_hand": [200, 200, 100, 100, 200, 100, 100, 100, 100], "Robot": [-15.579999999999998, -0.29000000000000625, 44.62, -58.97, -130.62]}, "35": {"Right_hand": [186, 143, 191, 173, 161, 100, 291, 291, 293], "Left_hand": [200, 200, 100, 100, 200, 100, 100, 100, 100], "Robot": [-15.579999999999998, -0.29000000000000625, 44.62, -58.879999999999995, -130.62]}, "34": {"Right_hand": [186, 143, 191, 173, 161, 100, 291, 291, 293], "Left_hand": [200, 200, 100, 100, 200, 100, 100, 100, 100], "Robot": [-15.579999999999998, -0.29000000000000625, 44.62, -58.879999999999995, -130.62]}, "60": {"Right_hand": [200, 200, 100, 100, 200, 100, 100, 100, 100], "Left_hand": [200, 200, 100, 100, 200, 100, 100, 100, 100], "Robot": [-15.579999999999998, -0.29000000000000625, 44.62, -58.620000000000005, -130.62]},