{"text": "", "actors_NAME": ["r_shoulder_y", "r_shoulder_x", "r_arm_z", "r_elbow_y", "r_forearm_z"], "emotion_time": [], "emotion_name": "", "position": {"11": {"Right_hand": [219, 179, 174, 157, 200, 159, 290, 290, 290], "Left_hand": [200, 200, 100, 100, 200, 100, 100, 100, 100], "Robot": [-14.700000000000003, -0.45999999999999375, -1.71, -65.91, -100.41]}, "10": {"Right_hand": [219, 179, 174, 157, 200, 159, 290, 290, 290], "Left_hand": [200, 200, 100, 100, 200, 100, 100, 100, 100], "Robot": [-14.700000000000003, -0.37000000000000455, -1.71, -65.91, -100.41]}, "13": {"Right_hand": [219, 179, 174, 157, 200, 159, 290, 290, 290], "Left_hand": [200, 200, 100, 100, 200, 100, 100, 100, 100], "Robot": [-14.700000000000003, -0.37000000000000455, -1.71, -65.82, -100.41]}, "12": {"Right_hand": [219, 179, 174, 157, 200, 159, 290, 290, 290], "Left_hand": [200, 200, 100, 100, 200, 100, 100, 100, 100], "Robot": [-14.700000000000003, -0.37000000000000455, -1.71, -65.82, -100.41]}, "20": {"Right_hand": [219, 179, 174, 157, 200, 159, 290, 290, 290], "Left_hand": [200, 200, 100, 100, 200, 100, 100, 100, 100], "Robot": [-14.700000000000003, -0.37000000000000455, -1.71, -65.82, -100.41]}, "14": {"Right_hand": [219, 179, 174, 157, 200, 159, 290, 290, 290], "Left_hand": [200, 200, 100, 100, 200, 100, 100, 100, 100], "Robot": [-14.700000000000003, -0.37000000000000455, -1.71, -65.82, -100.41]}, "17": {"Right_hand": [219, 179, 174, 157, 200, 159, 290, 290, 290], "Left_hand": [200, 200, 100, 100, 200, 100, 100, 100, 100], "Robot": [-14.700000000000003, -0.37000000000000455, -1.71, -65.74000000000001, -100.41]}, "16": {"Right_hand": [219, 179, 174, 157, 200, 159, 290, 290, 290], "Left_hand": [200, 200, 100, 100, 200, 100, 100, 100, 100], "Robot": [-14.700000000000003, -0.37000000000000455, -1.71, -65.74000000000001, -100.41]}, "19": {"Right_hand": [219, 179, 174, 157, 200, 159, 290, 290, 290], "Left_hand": [200, 200, 100, 100, 200, 100, 100, 100, 100], "Robot": [-14.700000000000003, -0.37000000000000455, -1.71, -65.82, -100.41]}, "18": {"Right_hand": [219, 179, 174, 157, 200, 159, 290, 290, 290], "Left_hand": [200, 200, 100, 100, 200, 100, 100, 100, 100], "Robot": [-14.700000000000003, -0.37000000000000455, -1.71, -65.74000000000001, -100.41]}, "15": {"Right_hand": [219, 179, 174, 157, 200, 159, 290, 290, 290], "Left_hand": [200, 200, 100, 100, 200, 100, 100, 100, 100], "Robot": [-14.700000000000003, -0.37000000000000455, -1.71, -65.82, -100.41]}, "1": {"Right_hand": [219, 179, 174, 157, 200, 159, 290, 290, 290], "Left_hand": [200, 200, 100, 100, 200, 100, 100, 100, 100], "Robot": [-14.620000000000005, -0.37000000000000455, -1.54, -66.09, -100.41]}, "0": {"Right_hand": [219, 179, 174, 157, 200, 159, 290, 290, 290], "Left_hand": [200, 200, 100, 100, 200, 100, 100, 100, 100], "Robot": [-14.620000000000005, -0.37000000000000455, -1.45, -66.09, -100.41]}, "3": {"Right_hand": [219, 179, 174, 157, 200, 159, 290, 290, 290], "Left_hand": [200, 200, 100, 100, 200, 100, 100, 100, 100], "Robot": [-14.700000000000003, -0.37000000000000455, -1.54, -66.09, -100.41]}, "2": {"Right_hand": [219, 179, 174, 157, 200, 159, 290, 290, 290], "Left_hand": [200, 200, 100, 100, 200, 100, 100, 100, 100], "Robot": [-14.620000000000005, -0.37000000000000455, -1.45, -66.09, -100.41]}, "5": {"Right_hand": [219, 179, 174, 157, 200, 159, 290, 290, 290], "Left_hand": [200, 200, 100, 100, 200, 100, 100, 100, 100], "Robot": [-14.700000000000003, -0.37000000000000455, -1.54, -66.0, -100.41]}, "4": {"Right_hand": [219, 179, 174, 157, 200, 159, 290, 290, 290], "Left_hand": [200, 200, 100, 100, 200, 100, 100, 100, 100], "Robot": [-14.700000000000003, -0.37000000000000455, -1.54, -66.09, -100.41]}, "7": {"Right_hand": [219, 179, 174, 157, 200, 159, 290, 290, 290], "Left_hand": [200, 200, 100, 100, 200, 100, 100, 100, 100], "Robot": [-14.700000000000003, -0.37000000000000455, -1.54, -66.0, -100.41]}, "6": {"Right_hand": [219, 179, 174, 157, 200, 159, 290, 290, 290], "Left_hand": [200, 200, 100, 100, 200, 100, 100, 100, 100], "Robot": [-14.620000000000005, -0.45999999999999375, -1.54, -66.09, -100.41]}, "9": {"Right_hand": [219, 179, 174, 157, 200, 159, 290, 290, 290], "Left_hand": [200, 200, 100, 100, 200, 100, 100, 100, 100], "Robot": [-14.700000000000003, -0.37000000000000455, -1.63, -66.0, -100.41]}, "8": {"Right_hand": [219, 179, 174, 157, 200, 159, 290, 290, 290], "Left_hand": [200, 200, 100, 100, 200, 100, 100, 100, 100], "Robot": [-14.700000000000003, -0.37000000000000455, -1.63, -66.09, -100.41]}}, "freq": "50", "actors_ID": [51, 52, 53, 54, 55], "frame_number": 21}