{"text": "", "actors_NAME": ["l_shoulder_y", "l_shoulder_x", "l_arm_z", "l_elbow_y", "l_forearm_z", "r_shoulder_y", "r_shoulder_x", "r_arm_z", "r_elbow_y", "r_forearm_z"], "emotion_time": [], "emotion_name": "", "position": {"24": {"Right_hand": [223, 200, 100, 100, 179, 100, 100, 100, 100], "Left_hand": [177, 200, 100, 100, 179, 100, 100, 100, 100], "Robot": [-7.824766875902121, 8.615654056594277, -18.496786613406734, -30.62716357289114, -95.16232654157297, 9.250833137524758, -5.848656641267502, 21.29886744318754, -28.641272867644595, -79.0389815716156]}, "25": {"Right_hand": [223, 200, 100, 100, 179, 100, 100, 100, 100], "Left_hand": [177, 200, 100, 100, 179, 100, 100, 100, 100], "Robot": [-8.329338726461014, 8.643863918633148, -18.54198650599174, -31.286569098049743, -95.22836326407305, 10.259656272028465, -5.930401127857412, 21.281877412641403, -28.83585680238999, -79.02936457319325]}, "26": {"Right_hand": [223, 200, 100, 100, 179, 100, 100, 100, 100], "Left_hand": [177, 200, 100, 100, 179, 100, 100, 100, 100], "Robot": [-8.773678963445342, 8.668706320700887, -18.581790809304824, -31.867260246383136, -95.28651706891344, 11.148054445973624, -6.002387633849155, 21.26691551139606, -29.007212916652687, -79.02089557248833]}, "27": {"Right_hand": [223, 200, 100, 100, 179, 100, 100, 100, 100], "Left_hand": [177, 200, 100, 100, 179, 100, 100, 100, 100], "Robot": [-9.151447417005139, 8.689826793326848, -18.61563156658051, -32.36095129401497, -95.33595817528784, 11.903351347722467, -6.063589003390291, 21.254195226746333, -29.152896176697666, -79.01369541136584]}, "20": {"Right_hand": [223, 200, 100, 100, 179, 100, 100, 100, 100], "Left_hand": [177, 200, 100, 100, 179, 100, 100, 100, 100], "Robot": [-5.330966734919944, 8.47622939814038, -18.273390285656742, -27.368112181531334, -94.83594609110135, 4.264817226679202, -5.444642005974963, 21.382839112483637, -27.679559598536475, -79.08651270517942]}, "21": {"Right_hand": [223, 200, 100, 100, 179, 100, 100, 100, 100], "Left_hand": [177, 200, 100, 100, 179, 100, 100, 100, 100], "Robot": [-6.013063341277567, 8.514364405357323, -18.3344929676748, -28.259517975227414, -94.92521667617737, 5.628577087039709, -5.555146856433154, 21.35987143768252, -27.942604477862446, -79.07351213453728]}, "22": {"Right_hand": [223, 200, 100, 100, 179, 100, 100, 100, 100], "Left_hand": [177, 200, 100, 100, 179, 100, 100, 100, 100], "Robot": [-6.660289013460446, 8.55054983048572, -18.392471887482795, -29.10535228760364, -95.00992346681885, 6.922617233392643, -5.6600023497029355, 21.338077943002922, -28.192201671645805, -79.0611761941526]}, "23": {"Right_hand": [223, 200, 100, 100, 179, 100, 100, 100, 100], "Left_hand": [177, 200, 100, 100, 179, 100, 100, 100, 100], "Robot": [-7.266303581618615, 8.584431204054919, -18.44675908831526, -29.89732939478366, -95.08923668221946, 8.13426135410024, -5.758181329931864, 21.317672115739654, -28.42590614615153, -79.04962572589037]}, "28": {"Right_hand": [223, 200, 100, 100, 179, 100, 100, 100, 100], "Left_hand": [177, 200, 100, 100, 179, 100, 100, 100, 100], "Robot": [-9.45630391729046, 8.706870867040385, -18.642940821053337, -32.75935651706891, -95.37585680238999, 12.512870665637273, -6.112978080628384, 21.243930045987042, -29.27046154878991, -79.00788493169078]}, "29": {"Right_hand": [223, 200, 100, 100, 179, 100, 100, 100, 100], "Left_hand": [177, 200, 100, 100, 179, 100, 100, 100, 100], "Robot": [-9.681908294451347, 8.719484072370854, -18.66315061595784, -33.054190191668624, -95.40538316941358, 12.963936088080292, -6.149527709710993, 21.23633345641301, -29.357463999194394, -79.00358497532812]}, "1": {"Right_hand": [223, 200, 100, 100, 179, 100, 100, 100, 100], "Left_hand": [177, 200, 100, 100, 179, 100, 100, 100, 100], "Robot": [5.821920378637849, 7.852688060152389, -17.27430700547145, -12.792833406062238, -93.37629250444766, -18.03387130341378, -3.6377892652143218, 21.758381054680946, -23.378541505823907, -79.29908361585713]}, "0": {"Right_hand": [223, 200, 100, 100, 179, 100, 100, 100, 100], "Left_hand": [177, 200, 100, 100, 179, 100, 100, 100, 100], "Robot": [5.8700000000000045, 7.849999999999994, -17.27, -12.730000000000004, -93.37, -18.129999999999995, -3.6299999999999955, 21.76, -23.36, -79.3]}, "3": {"Right_hand": [223, 200, 100, 100, 179, 100, 100, 100, 100], "Left_hand": [177, 200, 100, 100, 179, 100, 100, 100, 100], "Robot": [5.4563039172904615, 7.873129132959614, -17.307059178946663, -13.27064348293109, -93.42414319761002, -17.30287066563727, -3.6970219193716183, 21.74606995401296, -23.519538451210096, -79.29211506830922]}, "2": {"Right_hand": [223, 200, 100, 100, 179, 100, 100, 100, 100], "Left_hand": [177, 200, 100, 100, 179, 100, 100, 100, 100], "Robot": [5.681908294451349, 7.8605159276291445, -17.28684938404216, -12.975809808331379, -93.39461683058643, -17.753936088080287, -3.6604722902890092, 21.75366654358699, -23.432536000805612, -79.29641502467187]}, "5": {"Right_hand": [223, 200, 100, 100, 179, 100, 100, 100, 100], "Left_hand": [177, 200, 100, 100, 179, 100, 100, 100, 100], "Robot": [4.77367896344534, 7.911293679299112, -17.368209190695175, -14.162739753616867, -93.51348293108657, -15.938054445973613, -3.807612366150847, 21.72308448860394, -23.78278708334732, -79.27910442751167]}, "4": {"Right_hand": [223, 200, 100, 100, 179, 100, 100, 100, 100], "Left_hand": [177, 200, 100, 100, 179, 100, 100, 100, 100], "Robot": [5.15144741700514, 7.890173206673151, -17.33436843341949, -13.669048705985032, -93.46404182471217, -16.693351347722462, -3.7464109966097103, 21.73580477325367, -23.63710382330234, -79.28630458863415]}, "7": {"Right_hand": [223, 200, 100, 100, 179, 100, 100, 100, 100], "Left_hand": [177, 200, 100, 100, 179, 100, 100, 100, 100], "Robot": [3.8247668759021214, 7.964345943405722, -17.453213386593266, -15.402836427108861, -93.63767345842705, -14.040833137524752, -3.9613433587325, 21.691132556812462, -24.14872713235541, -79.2610184283844]}, "6": {"Right_hand": [223, 200, 100, 100, 179, 100, 100, 100, 100], "Left_hand": [177, 200, 100, 100, 179, 100, 100, 100, 100], "Robot": [4.329338726461016, 7.936136081366851, -17.40801349400826, -14.743430901950257, -93.57163673592696, -15.04965627202846, -3.87959887214259, 21.7081225873586, -23.954143197610016, -79.27063542680675]}, "9": {"Right_hand": [223, 200, 100, 100, 179, 100, 100, 100, 100], "Left_hand": [177, 200, 100, 100, 179, 100, 100, 100, 100], "Robot": [2.660289013460443, 8.029450169514279, -17.557528112517204, -16.924647712396364, -93.79007653318116, -11.712617233392631, -4.149997650297068, 21.65192205699708, -24.5977983283542, -79.2388238058474]}, "8": {"Right_hand": [223, 200, 100, 100, 179, 100, 100, 100, 100], "Left_hand": [177, 200, 100, 100, 179, 100, 100, 100, 100], "Robot": [3.266303581618613, 7.99556879594508, -17.50324091168474, -16.132670605216344, -93.71076331778055, -12.924261354100228, -4.051818670068139, 21.672327884260348, -24.364093853848477, -79.25037427410963]}, "11": {"Right_hand": [223, 200, 100, 100, 179, 100, 100, 100, 100], "Left_hand": [177, 200, 100, 100, 179, 100, 100, 100, 100], "Robot": [1.3309667349199437, 8.103770601859619, -17.676609714343257, -18.661887818468667, -93.96405390889866, -9.054817226679194, -4.3653579940250395, 21.607160887516365, -25.11044040146353, -79.21348729482058]}, "10": {"Right_hand": [223, 200, 100, 100, 179, 100, 100, 100, 100], "Left_hand": [177, 200, 100, 100, 179, 100, 100, 100, 100], "Robot": [2.013063341277569, 8.065635594642673, -17.615507032325198, -17.770482024772583, -93.87478332382264, -10.418577087039704, -4.254853143566847, 21.63012856231748, -24.84739552213756, -79.22648786546272]}, "13": {"Right_hand": [223, 200, 100, 100, 179, 100, 100, 100, 100], "Left_hand": [177, 200, 100, 100, 179, 100, 100, 100, 100], "Robot": [-0.11247860091974093, 8.184471484676578, -17.805914537947704, -20.548270954315065, -94.15296733912928, -6.168843610486382, -4.599207143096908, 21.558556946728878, -25.66709308180323, -79.1859756302239]},