{"text": "", "actors_NAME": ["r_shoulder_y", "r_shoulder_x", "r_arm_z", "r_elbow_y", "r_forearm_z"], "emotion_time": [], "emotion_name": "", "position": {"24": {"Right_hand": [207, 210, 125, 126, 200, 174, 197, 188, 187], "Left_hand": [200, 200, 100, 100, 200, 100, 100, 100, 100], "Robot": [-50.04, -4.769999999999996, 39.16, -61.870000000000005, -159.35]}, "25": {"Right_hand": [207, 210, 125, 126, 200, 174, 197, 188, 187], "Left_hand": [200, 200, 100, 100, 200, 100, 100, 100, 100], "Robot": [-50.13, -4.769999999999996, 39.16, -61.870000000000005, -159.35]}, "26": {"Right_hand": [207, 210, 125, 126, 200, 174, 197, 188, 187], "Left_hand": [200, 200, 100, 100, 200, 100, 100, 100, 100], "Robot": [-50.04, -4.769999999999996, 39.16, -61.870000000000005, -159.35]}, "27": {"Right_hand": [207, 210, 125, 126, 200, 174, 197, 188, 187], "Left_hand": [200, 200, 100, 100, 200, 100, 100, 100, 100], "Robot": [-50.04, -4.769999999999996, 39.16, -61.870000000000005, -159.35]}, "20": {"Right_hand": [207, 210, 125, 126, 200, 174, 197, 188, 187], "Left_hand": [200, 200, 100, 100, 200, 100, 100, 100, 100], "Robot": [-50.13, -4.769999999999996, 39.16, -61.870000000000005, -159.35]}, "21": {"Right_hand": [207, 210, 125, 126, 200, 174, 197, 188, 187], "Left_hand": [200, 200, 100, 100, 200, 100, 100, 100, 100], "Robot": [-50.04, -4.769999999999996, 39.16, -61.96000000000001, -159.35]}, "22": {"Right_hand": [207, 210, 125, 126, 200, 174, 197, 188, 187], "Left_hand": [200, 200, 100, 100, 200, 100, 100, 100, 100], "Robot": [-50.04, -4.769999999999996, 39.16, -61.96000000000001, -159.35]}, "23": {"Right_hand": [207, 210, 125, 126, 200, 174, 197, 188, 187], "Left_hand": [200, 200, 100, 100, 200, 100, 100, 100, 100], "Robot": [-50.04, -4.769999999999996, 39.16, -61.870000000000005, -159.35]}, "28": {"Right_hand": [207, 210, 125, 126, 200, 174, 197, 188, 187], "Left_hand": [200, 200, 100, 100, 200, 100, 100, 100, 100], "Robot": [-50.04, -4.769999999999996, 39.16, -61.870000000000005, -159.35]}, "29": {"Right_hand": [207, 210, 125, 126, 200, 174, 197, 188, 187], "Left_hand": [200, 200, 100, 100, 200, 100, 100, 100, 100], "Robot": [-50.13, -4.769999999999996, 39.16, -61.870000000000005, -159.65]}, "1": {"Right_hand": [207, 210, 125, 126, 200, 174, 197, 188, 187], "Left_hand": [200, 200, 100, 100, 200, 100, 100, 100, 100], "Robot": [-50.04, -4.769999999999996, 39.16, -61.870000000000005, -159.35]}, "0": {"Right_hand": [207, 210, 125, 126, 200, 174, 197, 188, 187], "Left_hand": [200, 200, 100, 100, 200, 100, 100, 100, 100], "Robot": [-50.04, -4.769999999999996, 39.16, -61.870000000000005, -159.35]}, "3": {"Right_hand": [207, 210, 125, 126, 200, 174, 197, 188, 187], "Left_hand": [200, 200, 100, 100, 200, 100, 100, 100, 100], "Robot": [-50.13, -4.769999999999996, 39.16, -61.870000000000005, -159.35]}, "2": {"Right_hand": [207, 210, 125, 126, 200, 174, 197, 188, 187], "Left_hand": [200, 200, 100, 100, 200, 100, 100, 100, 100], "Robot": [-50.13, -4.769999999999996, 39.16, -61.870000000000005, -159.35]}, "5": {"Right_hand": [207, 210, 125, 126, 200, 174, 197, 188, 187], "Left_hand": [200, 200, 100, 100, 200, 100, 100, 100, 100], "Robot": [-50.04, -4.769999999999996, 39.16, -61.870000000000005, -159.35]}, "4": {"Right_hand": [207, 210, 125, 126, 200, 174, 197, 188, 187], "Left_hand": [200, 200, 100, 100, 200, 100, 100, 100, 100], "Robot": [-50.04, -4.769999999999996, 39.16, -61.870000000000005, -159.35]}, "7": {"Right_hand": [207, 210, 125, 126, 200, 174, 197, 188, 187], "Left_hand": [200, 200, 100, 100, 200, 100, 100, 100, 100], "Robot": [-50.04, -4.769999999999996, 39.16, -61.870000000000005, -159.35]}, "6": {"Right_hand": [207, 210, 125, 126, 200, 174, 197, 188, 187], "Left_hand": [200, 200, 100, 100, 200, 100, 100, 100, 100], "Robot": [-50.04, -4.769999999999996, 39.16, -61.870000000000005, -159.35]}, "9": {"Right_hand": [207, 210, 125, 126, 200, 174, 197, 188, 187], "Left_hand": [200, 200, 100, 100, 200, 100, 100, 100, 100], "Robot": [-50.04, -4.769999999999996, 39.16, -61.96000000000001, -159.35]}, "8": {"Right_hand": [207, 210, 125, 126, 200, 174, 197, 188, 187], "Left_hand": [200, 200, 100, 100, 200, 100, 100, 100, 100], "Robot": [-50.04, -4.769999999999996, 39.16, -61.96000000000001, -159.35]}, "11": {"Right_hand": [207, 210, 125, 126, 200, 174, 197, 188, 187], "Left_hand": [200, 200, 100, 100, 200, 100, 100, 100, 100], "Robot": [-50.04, -4.769999999999996, 39.16, -61.870000000000005, -159.35]}, "10": {"Right_hand": [207, 210, 125, 126, 200, 174, 197, 188, 187], "Left_hand": [200, 200, 100, 100, 200, 100, 100, 100, 100], "Robot": [-50.04, -4.769999999999996, 39.16, -61.870000000000005, -159.35]}, "13": {"Right_hand": [207, 210, 125, 126, 200, 174, 197, 188, 187], "Left_hand": [200, 200, 100, 100, 200, 100, 100, 100, 100], "Robot": [-50.04, -4.769999999999996, 39.16, -61.870000000000005, -159.35]}, "12": {"Right_hand": [207, 210, 125, 126, 200, 174, 197, 188, 187], "Left_hand": [200, 200, 100, 100, 200, 100, 100, 100, 100], "Robot": [-50.04, -4.769999999999996, 39.16, -61.870000000000005, -159.35]}, "15": {"Right_hand": [207, 210, 125, 126, 200, 174, 197, 188, 187], "Left_hand": [200, 200, 100, 100, 200, 100, 100, 100, 100], "Robot": [-50.04, -4.769999999999996, 39.16, -61.870000000000005, -159.35]}, "14": {"Right_hand": [207, 210, 125, 126, 200, 174, 197, 188, 187], "Left_hand": [200, 200, 100, 100, 200, 100, 100, 100, 100], "Robot": [-50.04, -4.769999999999996, 39.16, -61.870000000000005, -159.35]}, "17": {"Right_hand": [207, 210, 125, 126, 200, 174, 197, 188, 187], "Left_hand": [200, 200, 100, 100, 200, 100, 100, 100, 100], "Robot": [-50.04, -4.769999999999996, 39.16, -61.870000000000005, -159.65]}, "16": {"Right_hand": [207, 210, 125, 126, 200, 174, 197, 188, 187], "Left_hand": [200, 200, 100, 100, 200, 100, 100, 100, 100], "Robot": [-50.04, -4.769999999999996, 39.16, -61.870000000000005, -159.65]}, "19": {"Right_hand": [207, 210, 125, 126, 200, 174, 197, 188, 187], "Left_hand": [200, 200, 100, 100, 200, 100, 100, 100, 100], "Robot": [-50.13, -4.769999999999996, 39.16, -61.870000000000005, -159.35]}, "18": {"Right_hand": [207, 210, 125, 126, 200, 174, 197, 188, 187], "Left_hand": [200, 200, 100, 100, 200, 100, 100, 100, 100], "Robot": [-50.04, -4.769999999999996, 39.16, -61.870000000000005, -159.35]}}, "freq": "50", "actors_ID": [51, 52, 53, 54, 55], "frame_number": 30}