{"text": "", "actors_NAME": ["r_shoulder_y", "r_shoulder_x", "r_arm_z", "r_elbow_y", "r_forearm_z"], "emotion_time": [], "emotion_name": "", "position": {"24": {"Right_hand": [178, 157, 119, 100, 134, 290, 290, 290, 290], "Left_hand": [200, 200, 100, 100, 200, 100, 100, 100, 100], "Robot": [-14.879999999999995, 12.019999999999996, 32.31, -45.16, -131.79]}, "25": {"Right_hand": [178, 157, 119, 100, 134, 290, 290, 290, 290], "Left_hand": [200, 200, 100, 100, 200, 100, 100, 100, 100], "Robot": [-15.760000000000005, 12.459999999999994, 30.11, -42.879999999999995, -132.67000000000002]}, "26": {"Right_hand": [178, 157, 119, 100, 134, 290, 290, 290, 290], "Left_hand": [200, 200, 100, 100, 200, 100, 100, 100, 100], "Robot": [-15.760000000000005, 12.459999999999994, 30.11, -42.879999999999995, -132.67000000000002]}, "27": {"Right_hand": [178, 157, 119, 100, 134, 290, 290, 290, 290], "Left_hand": [200, 200, 100, 100, 200, 100, 100, 100, 100], "Robot": [-16.64, 12.810000000000002, 29.58, -41.91, -134.43]}, "20": {"Right_hand": [178, 157, 119, 100, 134, 290, 290, 290, 290], "Left_hand": [200, 200, 100, 100, 200, 100, 100, 100, 100], "Robot": [-13.299999999999997, 11.049999999999997, 34.68, -47.360000000000014, -130.62]}, "21": {"Right_hand": [178, 157, 119, 100, 134, 290, 290, 290, 290], "Left_hand": [200, 200, 100, 100, 200, 100, 100, 100, 100], "Robot": [-14.090000000000003, 11.409999999999997, 33.01, -45.78, -130.91]}, "22": {"Right_hand": [178, 157, 119, 100, 134, 290, 290, 290, 290], "Left_hand": [200, 200, 100, 100, 200, 100, 100, 100, 100], "Robot": [-14.879999999999995, 11.409999999999997, 33.01, -45.78, -130.91]}, "23": {"Right_hand": [178, 157, 119, 100, 134, 290, 290, 290, 290], "Left_hand": [200, 200, 100, 100, 200, 100, 100, 100, 100], "Robot": [-14.879999999999995, 12.019999999999996, 32.31, -45.16, -131.79]}, "28": {"Right_hand": [178, 157, 119, 100, 134, 290, 290, 290, 290], "Left_hand": [200, 200, 100, 100, 200, 100, 100, 100, 100], "Robot": [-16.64, 12.810000000000002, 29.58, -41.91, -134.43]}, "29": {"Right_hand": [178, 157, 119, 100, 134, 290, 290, 290, 290], "Left_hand": [200, 200, 100, 100, 200, 100, 100, 100, 100], "Robot": [-17.519999999999996, 12.900000000000006, 28.0, -40.860000000000014, -135.01]}, "1": {"Right_hand": [178, 157, 119, 100, 134, 290, 290, 290, 290], "Left_hand": [200, 200, 100, 100, 200, 100, 100, 100, 100], "Robot": [-7.489999999999995, 8.150000000000006, 46.2, -57.91, -125.63]}, "0": {"Right_hand": [178, 157, 119, 100, 134, 290, 290, 290, 290], "Left_hand": [200, 200, 100, 100, 200, 100, 100, 100, 100], "Robot": [-7.489999999999995, 8.150000000000006, 46.2, -57.91, -125.34]}, "3": {"Right_hand": [178, 157, 119, 100, 134, 290, 290, 290, 290], "Left_hand": [200, 200, 100, 100, 200, 100, 100, 100, 100], "Robot": [-7.930000000000007, 8.329999999999998, 45.32, -56.94999999999999, -125.92]}, "2": {"Right_hand": [178, 157, 119, 100, 134, 290, 290, 290, 290], "Left_hand": [200, 200, 100, 100, 200, 100, 100, 100, 100], "Robot": [-7.930000000000007, 8.329999999999998, 45.32, -56.94999999999999, -125.92]}, "5": {"Right_hand": [178, 157, 119, 100, 134, 290, 290, 290, 290], "Left_hand": [200, 200, 100, 100, 200, 100, 100, 100, 100], "Robot": [-8.549999999999997, 8.590000000000003, 44.44, -56.41999999999999, -125.92]}, "4": {"Right_hand": [178, 157, 119, 100, 134, 290, 290, 290, 290], "Left_hand": [200, 200, 100, 100, 200, 100, 100, 100, 100], "Robot": [-8.549999999999997, 8.590000000000003, 44.44, -56.41999999999999, -125.92]}, "7": {"Right_hand": [178, 157, 119, 100, 134, 290, 290, 290, 290], "Left_hand": [200, 200, 100, 100, 200, 100, 100, 100, 100], "Robot": [-9.340000000000003, 8.86, 43.38, -55.19, -126.50999999999999]}, "6": {"Right_hand": [178, 157, 119, 100, 134, 290, 290, 290, 290], "Left_hand": [200, 200, 100, 100, 200, 100, 100, 100, 100], "Robot": [-9.340000000000003, 8.86, 43.38, -55.19, -125.92]}, "9": {"Right_hand": [178, 157, 119, 100, 134, 290, 290, 290, 290], "Left_hand": [200, 200, 100, 100, 200, 100, 100, 100, 100], "Robot": [-9.959999999999994, 9.120000000000005, 42.42, -53.96000000000001, -127.39]}, "8": {"Right_hand": [178, 157, 119, 100, 134, 290, 290, 290, 290], "Left_hand": [200, 200, 100, 100, 200, 100, 100, 100, 100], "Robot": [-9.959999999999994, 9.120000000000005, 42.42, -55.19, -126.50999999999999]}, "11": {"Right_hand": [178, 157, 119, 100, 134, 290, 290, 290, 290], "Left_hand": [200, 200, 100, 100, 200, 100, 100, 100, 100], "Robot": [-10.75, 9.379999999999995, 41.01, -52.81, -127.68]}, "10": {"Right_hand": [178, 157, 119, 100, 134, 290, 290, 290, 290], "Left_hand": [200, 200, 100, 100, 200, 100, 100, 100, 100], "Robot": [-10.75, 9.379999999999995, 42.42, -53.96000000000001, -127.39]}, "13": {"Right_hand": [178, 157, 119, 100, 134, 290, 290, 290, 290], "Left_hand": [200, 200, 100, 100, 200, 100, 100, 100, 100], "Robot": [-11.450000000000003, 9.560000000000002, 39.69, -51.75999999999999, -127.97999999999999]}, "12": {"Right_hand": [178, 157, 119, 100, 134, 290, 290, 290, 290], "Left_hand": [200, 200, 100, 100, 200, 100, 100, 100, 100], "Robot": [-11.450000000000003, 9.560000000000002, 41.01, -51.75999999999999, -127.68]}, "15": {"Right_hand": [178, 157, 119, 100, 134, 290, 290, 290, 290], "Left_hand": [200, 200, 100, 100, 200, 100, 100, 100, 100], "Robot": [-12.069999999999993, 9.909999999999997, 38.2, -49.81999999999999, -129.44]}, "14": {"Right_hand": [178, 157, 119, 100, 134, 290, 290, 290, 290], "Left_hand": [200, 200, 100, 100, 200, 100, 100, 100, 100], "Robot": [-12.069999999999993, 9.560000000000002, 39.69, -51.75999999999999, -127.97999999999999]}, "17": {"Right_hand": [178, 157, 119, 100, 134, 290, 290, 290, 290], "Left_hand": [200, 200, 100, 100, 200, 100, 100, 100, 100], "Robot": [-12.769999999999996, 10.349999999999994, 36.09, -48.77000000000001, -129.44]}, "16": {"Right_hand": [178, 157, 119, 100, 134, 290, 290, 290, 290], "Left_hand": [200, 200, 100, 100, 200, 100, 100, 100, 100], "Robot": [-12.769999999999996, 9.909999999999997, 38.2, -49.81999999999999, -129.44]}, "19": {"Right_hand": [178, 157, 119, 100, 134, 290, 290, 290, 290], "Left_hand": [200, 200, 100, 100, 200, 100, 100, 100, 100], "Robot": [-13.299999999999997, 11.049999999999997, 34.68, -47.360000000000014, -130.62]}, "18": {"Right_hand": [178, 157, 119, 100, 134, 290, 290, 290, 290], "Left_hand": [200, 200, 100, 100, 200, 100, 100, 100, 100], "Robot": [-12.769999999999996, 10.349999999999994, 36.09, -48.77000000000001, -129.44]}}, "freq": "50", "actors_ID": [51, 52, 53, 54, 55], "frame_number": 30}