{"text": "", "actors_NAME": ["r_shoulder_y", "r_shoulder_x", "r_arm_z", "r_elbow_y", "r_forearm_z"], "emotion_time": [], "emotion_name": "", "position": {"45": {"Right_hand": [178, 249, 178, 189, 163, 100, 290, 290, 290], "Left_hand": [200, 200, 100, 100, 200, 100, 100, 100, 100], "Robot": [-18.569999999999993, -14.790000000000006, 50.42, -53.43000000000001, -126.8]}, "42": {"Right_hand": [178, 249, 178, 189, 163, 100, 290, 290, 290], "Left_hand": [200, 200, 100, 100, 200, 100, 100, 100, 100], "Robot": [-18.400000000000006, -15.049999999999997, 47.52, -55.53999999999999, -129.74]}, "36": {"Right_hand": [178, 249, 178, 189, 163, 100, 290, 290, 290], "Left_hand": [200, 200, 100, 100, 200, 100, 100, 100, 100], "Robot": [-18.040000000000006, -15.230000000000004, 44.88, -57.03, -134.13]}, "49": {"Right_hand": [178, 249, 178, 189, 163, 100, 290, 290, 290], "Left_hand": [200, 200, 100, 100, 200, 100, 100, 100, 100], "Robot": [-18.75, -14.349999999999994, 51.74, -52.02000000000001, -125.03999999999999]}, "24": {"Right_hand": [178, 231, 178, 189, 163, 100, 290, 290, 290], "Left_hand": [200, 200, 100, 100, 200, 100, 100, 100, 100], "Robot": [-17.689999999999998, -15.849999999999994, 38.2, -60.110000000000014, -140.88]}, "25": {"Right_hand": [178, 234, 178, 189, 163, 100, 290, 290, 290], "Left_hand": [200, 200, 100, 100, 200, 100, 100, 100, 100], "Robot": [-17.689999999999998, -15.579999999999998, 39.34, -60.110000000000014, -140.88]}, "26": {"Right_hand": [178, 237, 178, 189, 163, 100, 290, 290, 290], "Left_hand": [200, 200, 100, 100, 200, 100, 100, 100, 100], "Robot": [-17.689999999999998, -15.579999999999998, 39.34, -59.849999999999994, -140.59]}, "27": {"Right_hand": [178, 241, 178, 189, 163, 100, 290, 290, 290], "Left_hand": [200, 200, 100, 100, 200, 100, 100, 100, 100], "Robot": [-17.78, -15.319999999999993, 39.34, -59.849999999999994, -140.59]}, "20": {"Right_hand": [178, 222, 178, 189, 163, 100, 290, 290, 290], "Left_hand": [200, 200, 100, 100, 200, 100, 100, 100, 100], "Robot": [-17.689999999999998, -16.370000000000005, 36.35, -61.34, -144.69]}, "21": {"Right_hand": [178, 224, 178, 189, 163, 100, 290, 290, 290], "Left_hand": [200, 200, 100, 100, 200, 100, 100, 100, 100], "Robot": [-17.689999999999998, -16.370000000000005, 36.35, -61.34, -144.11]}, "22": {"Right_hand": [178, 226, 178, 189, 163, 100, 290, 290, 290], "Left_hand": [200, 200, 100, 100, 200, 100, 100, 100, 100], "Robot": [-17.689999999999998, -16.200000000000003, 37.58, -60.639999999999986, -142.64]}, "23": {"Right_hand": [178, 229, 178, 189, 163, 100, 290, 290, 290], "Left_hand": [200, 200, 100, 100, 200, 100, 100, 100, 100], "Robot": [-17.689999999999998, -16.200000000000003, 37.58, -60.639999999999986, -142.64]}, "46": {"Right_hand": [178, 249, 178, 189, 163, 100, 290, 290, 290], "Left_hand": [200, 200, 100, 100, 200, 100, 100, 100, 100], "Robot": [-18.569999999999993, -14.790000000000006, 50.42, -53.43000000000001, -126.8]}, "47": {"Right_hand": [178, 249, 178, 189, 163, 100, 290, 290, 290], "Left_hand": [200, 200, 100, 100, 200, 100, 100, 100, 100], "Robot": [-18.75, -14.620000000000005, 50.86, -52.55000000000001, -125.63]}, "44": {"Right_hand": [178, 249, 178, 189, 163, 100, 290, 290, 290], "Left_hand": [200, 200, 100, 100, 200, 100, 100, 100, 100], "Robot": [-18.400000000000006, -15.049999999999997, 48.75, -54.75, -128.27]}, "48": {"Right_hand": [178, 249, 178, 189, 163, 100, 290, 290, 290], "Left_hand": [200, 200, 100, 100, 200, 100, 100, 100, 100], "Robot": [-18.75, -14.620000000000005, 50.86, -52.55000000000001, -125.63]}, "28": {"Right_hand": [178, 245, 178, 189, 163, 100, 290, 290, 290], "Left_hand": [200, 200, 100, 100, 200, 100, 100, 100, 100], "Robot": [-17.78, -15.319999999999993, 40.4, -59.41, -139.12]}, "29": {"Right_hand": [178, 249, 178, 189, 163, 100, 290, 290, 290], "Left_hand": [200, 200, 100, 100, 200, 100, 100, 100, 100], "Robot": [-17.78, -15.319999999999993, 41.71, -59.41, -139.12]}, "40": {"Right_hand": [178, 249, 178, 189, 163, 100, 290, 290, 290], "Left_hand": [200, 200, 100, 100, 200, 100, 100, 100, 100], "Robot": [-18.129999999999995, -15.049999999999997, 46.46, -56.06999999999999, -131.79]}, "41": {"Right_hand": [178, 249, 178, 189, 163, 100, 290, 290, 290], "Left_hand": [200, 200, 100, 100, 200, 100, 100, 100, 100], "Robot": [-18.129999999999995, -15.049999999999997, 47.52, -55.53999999999999, -129.74]}, "1": {"Right_hand": [178, 165, 178, 189, 163, 100, 290, 290, 290], "Left_hand": [200, 200, 100, 100, 200, 100, 100, 100, 100], "Robot": [-17.689999999999998, -18.040000000000006, 26.86, -64.59, -154.37]}, "0": {"Right_hand": [178, 162, 178, 189, 163, 100, 290, 290, 290], "Left_hand": [200, 200, 100, 100, 200, 100, 100, 100, 100], "Robot": [-17.689999999999998, -17.959999999999994, 26.24, -64.59, -154.37]}, "3": {"Right_hand": [178, 171, 178, 189, 163, 100, 290, 290, 290], "Left_hand": [200, 200, 100, 100, 200, 100, 100, 100, 100], "Robot": [-17.689999999999998, -18.129999999999995, 27.3, -64.59, -153.2]}, "2": {"Right_hand": [178, 168, 178, 189, 163, 100, 290, 290, 290], "Left_hand": [200, 200, 100, 100, 200, 100, 100, 100, 100], "Robot": [-17.689999999999998, -18.129999999999995, 27.3, -64.59, -154.37]}, "5": {"Right_hand": [178, 177, 178, 189, 163, 100, 290, 290, 290], "Left_hand": [200, 200, 100, 100, 200, 100, 100, 100, 100], "Robot": [-17.689999999999998, -18.400000000000006, 28.18, -64.50999999999999, -153.2]}, "4": {"Right_hand": [178, 174, 178, 189, 163, 100, 290, 290, 290], "Left_hand": [200, 200, 100, 100, 200, 100, 100, 100, 100], "Robot": [-17.689999999999998, -18.400000000000006, 28.18, -64.50999999999999, -153.2]}, "7": {"Right_hand": [178, 183, 178, 189, 163, 100, 290, 290, 290], "Left_hand": [200, 200, 100, 100, 200, 100, 100, 100, 100], "Robot": [-17.689999999999998, -18.480000000000004, 29.05, -64.15, -152.32]}, "6": {"Right_hand": [178, 180, 178, 189, 163, 100, 290, 290, 290], "Left_hand": [200, 200, 100, 100, 200, 100, 100, 100, 100], "Robot": [-17.689999999999998, -18.480000000000004, 28.18, -64.50999999999999, -153.2]}, "9": {"Right_hand": [178, 189, 178, 189, 163, 100, 290, 290, 290], "Left_hand": [200, 200, 100, 100, 200, 100, 100, 100, 100], "Robot": [-17.689999999999998, -18.400000000000006, 29.76, -64.15, -151.44]}, "8": {"Right_hand": [178, 186, 178, 189, 163, 100, 290, 290, 290], "Left_hand": [200, 200, 100, 100, 200, 100, 100, 100, 100], "Robot": [-17.689999999999998, -18.400000000000006, 29.76, -64.15, -152.32]}, "43": {"Right_hand": [178, 249, 178, 189, 163, 100, 290, 290, 290], "Left_hand": [200, 200, 100, 100, 200, 100, 100, 100, 100], "Robot": [-18.400000000000006, -15.049999999999997, 48.75, -54.75, -128.27]}, "13": {"Right_hand": [178, 201, 178, 189, 163, 100, 290, 290, 290], "Left_hand": [200, 200, 100, 100, 200, 100, 100, 100, 100], "Robot": [-17.689999999999998, -17.870000000000005, 31.52, -63.889999999999986, -149.97]}, "12": {"Right_hand": [178, 198, 178, 189, 163, 100, 290, 290, 290], "Left_hand": [200, 200, 100, 100, 200, 100, 100, 100, 100], "Robot": [-17.689999999999998, -18.040000000000006, 31.52, -63.889999999999986, -149.97]}, "11": {"Right_hand": [178, 195, 178, 189, 163, 100, 290, 290, 290], "Left_hand": [200, 200, 100, 100, 200, 100, 100, 100, 100], "Robot": [-17.689999999999998, -18.310000000000002, 30.64, -64.07, -151.14]}, "10": {"Right_hand": [178, 192, 178, 189, 163, 100, 290, 290, 290], "Left_hand": [200, 200, 100, 100, 200, 100, 100, 100, 100], "Robot": [-17.689999999999998, -18.310000000000002, 30.64, -64.07, -151.14]}, "39": {"Right_hand": [178, 249, 178, 189, 163, 100, 290, 290, 290], "Left_hand": [200, 200, 100, 100, 200, 100, 100, 100, 100], "Robot": [-18.129999999999995, -15.14, 46.46, -56.06999999999999, -131.79]}, "38": {"Right_hand": [178, 249, 178, 189, 163, 100, 290, 290, 290], "Left_hand": [200, 200, 100, 100, 200, 100, 100, 100, 100], "Robot": [-18.129999999999995, -15.14, 45.93, -56.33000000000001, -132.38]}, "15": {"Right_hand": [178, 207, 178, 189, 163, 100, 290, 290, 290],