{"position": {"30": {"Right_hand": [196, 160, 223, 150, 100, 100, 100, 290, 290], "Left_hand": [200, 200, 100, 100, 200, 100, 100, 100, 100], "Robot": [-15.579999999999998, -0.29000000000000625, 44.7, -58.97, -130.62]}, "41": {"Right_hand": [196, 160, 223, 150, 100, 100, 100, 290, 290], "Left_hand": [200, 200, 100, 100, 200, 100, 100, 100, 100], "Robot": [-15.579999999999998, -0.29000000000000625, 44.62, -58.879999999999995, -130.62]}, "37": {"Right_hand": [196, 160, 223, 150, 100, 100, 100, 290, 290], "Left_hand": [200, 200, 100, 100, 200, 100, 100, 100, 100], "Robot": [-15.579999999999998, -0.29000000000000625, 44.62, -58.97, -130.62]}, "45": {"Right_hand": [196, 160, 223, 150, 100, 100, 100, 290, 290], "Left_hand": [200, 200, 100, 100, 200, 100, 100, 100, 100], "Robot": [-15.579999999999998, -0.29000000000000625, 44.62, -58.879999999999995, -130.62]}, "36": {"Right_hand": [196, 160, 223, 150, 100, 100, 100, 290, 290], "Left_hand": [200, 200, 100, 100, 200, 100, 100, 100, 100], "Robot": [-15.579999999999998, -0.29000000000000625, 44.62, -58.97, -130.62]}, "60": {"Right_hand": [196, 160, 223, 150, 100, 100, 100, 290, 290], "Left_hand": [200, 200, 100, 100, 200, 100, 100, 100, 100], "Robot": [-15.579999999999998, -0.29000000000000625, 44.62, -58.620000000000005, -130.62]}, "61": {"Right_hand": [196, 160, 223, 150, 100, 100, 100, 290, 290], "Left_hand": [200, 200, 100, 100, 200, 100, 100, 100, 100], "Robot": [-15.579999999999998, -0.29000000000000625, 44.62, -58.620000000000005, -130.62]}, "62": {"Right_hand": [196, 160, 223, 150, 100, 100, 100, 290, 290], "Left_hand": [200, 200, 100, 100, 200, 100, 100, 100, 100], "Robot": [-15.579999999999998, -0.29000000000000625, 44.35, -58.620000000000005, -130.62]}, "63": {"Right_hand": [196, 160, 223, 150, 100, 100, 100, 290, 290], "Left_hand": [200, 200, 100, 100, 200, 100, 100, 100, 100], "Robot": [-15.579999999999998, -0.29000000000000625, 44.35, -58.620000000000005, -130.62]}, "35": {"Right_hand": [196, 160, 223, 150, 100, 100, 100, 290, 290], "Left_hand": [200, 200, 100, 100, 200, 100, 100, 100, 100], "Robot": [-15.579999999999998, -0.29000000000000625, 44.62, -58.879999999999995, -130.62]}, "34": {"Right_hand": [196, 160, 223, 150, 100, 100, 100, 290, 290], "Left_hand": [200, 200, 100, 100, 200, 100, 100, 100, 100], "Robot": [-15.579999999999998, -0.29000000000000625, 44.62, -58.879999999999995, -130.62]}, "42": {"Right_hand": [196, 160, 223, 150, 100, 100, 100, 290, 290], "Left_hand": [200, 200, 100, 100, 200, 100, 100, 100, 100], "Robot": [-15.579999999999998, -0.29000000000000625, 44.62, -58.879999999999995, -130.62]}, "24": {"Right_hand": [196, 160, 223, 150, 100, 100, 100, 290, 290], "Left_hand": [200, 200, 100, 100, 200, 100, 100, 100, 100], "Robot": [-15.579999999999998, -0.29000000000000625, 44.79, -58.78999999999999, -130.62]}, "25": {"Right_hand": [196, 160, 223, 150, 100, 100, 100, 290, 290], "Left_hand": [200, 200, 100, 100, 200, 100, 100, 100, 100], "Robot": [-15.579999999999998, -0.45999999999999375, 44.7, -58.879999999999995, -130.62]}, "26": {"Right_hand": [196, 160, 223, 150, 100, 100, 100, 290, 290], "Left_hand": [200, 200, 100, 100, 200, 100, 100, 100, 100], "Robot": [-15.579999999999998, -0.45999999999999375, 44.7, -58.879999999999995, -130.62]}, "27": {"Right_hand": [196, 160, 223, 150, 100, 100, 100, 290, 290], "Left_hand": [200, 200, 100, 100, 200, 100, 100, 100, 100], "Robot": [-15.579999999999998, -0.45999999999999375, 44.62, -58.879999999999995, -130.62]}, "20": {"Right_hand": [196, 160, 223, 150, 100, 100, 100, 290, 290], "Left_hand": [200, 200, 100, 100, 200, 100, 100, 100, 100], "Robot": [-15.579999999999998, 0.3299999999999983, 44.88, -58.620000000000005, -130.62]}, "21": {"Right_hand": [196, 160, 223, 150, 100, 100, 100, 290, 290], "Left_hand": [200, 200, 100, 100, 200, 100, 100, 100, 100], "Robot": [-15.579999999999998, 0.3299999999999983, 44.88, -58.620000000000005, -130.62]}, "22": {"Right_hand": [196, 160, 223, 150, 100, 100, 100, 290, 290], "Left_hand": [200, 200, 100, 100, 200, 100, 100, 100, 100], "Robot": [-15.579999999999998, -0.20000000000000284, 44.79, -58.69999999999999, -130.62]}, "23": {"Right_hand": [196, 160, 223, 150, 100, 100, 100, 290, 290], "Left_hand": [200, 200, 100, 100, 200, 100, 100, 100, 100], "Robot": [-15.579999999999998, -0.29000000000000625, 44.79, -58.69999999999999, -130.62]}, "19": {"Right_hand": [196, 160, 223, 150, 100, 100, 100, 290, 290], "Left_hand": [200, 200, 100, 100, 200, 100, 100, 100, 100], "Robot": [-15.579999999999998, 0.769999999999996, 44.79, -58.25999999999999, -130.62]}, "47": {"Right_hand": [196, 160, 223, 150, 100, 100, 100, 290, 290], "Left_hand": [200, 200, 100, 100, 200, 100, 100, 100, 100], "Robot": [-15.579999999999998, -0.29000000000000625, 44.62, -58.879999999999995, -130.91]}, "44": {"Right_hand": [196, 160, 223, 150, 100, 100, 100, 290, 290], "Left_hand": [200, 200, 100, 100, 200, 100, 100, 100, 100], "Robot": [-15.579999999999998, -0.29000000000000625, 44.62, -58.879999999999995, -130.62]}, "48": {"Right_hand": [196, 160, 223, 150, 100, 100, 100, 290, 290], "Left_hand": [200, 200, 100, 100, 200, 100, 100, 100, 100], "Robot": [-15.579999999999998, -0.29000000000000625, 44.62, -58.879999999999995, -130.91]}, "28": {"Right_hand": [196, 160, 223, 150, 100, 100, 100, 290, 290], "Left_hand": [200, 200, 100, 100, 200, 100, 100, 100, 100], "Robot": [-15.579999999999998, -0.37000000000000455, 44.62, -58.879999999999995, -130.62]}, "29": {"Right_hand": [196, 160, 223, 150, 100, 100, 100, 290, 290], "Left_hand": [200, 200, 100, 100, 200, 100, 100, 100, 100], "Robot": [-15.579999999999998, -0.37000000000000455, 44.7, -58.97, -130.62]}, "40": {"Right_hand": [196, 160, 223, 150, 100, 100, 100, 290, 290], "Left_hand": [200, 200, 100, 100, 200, 100, 100, 100, 100], "Robot": [-15.579999999999998, -0.29000000000000625, 44.62, -58.97, -130.62]}, "18": {"Right_hand": [196, 164, 210, 145, 105, 100, 100, 271, 271], "Left_hand": [200, 200, 100, 100, 200, 100, 100, 100, 100], "Robot": [-15.579999999999998, 0.769999999999996, 44.79, -58.25999999999999, -130.62]}, "1": {"Right_hand": [200, 200, 100, 100, 153, 100, 100, 100, 100], "Left_hand": [200, 200, 100, 100, 200, 100, 100, 100, 100], "Robot": [-15.670000000000002, 4.640000000000001, 39.69, -51.22999999999999, -130.62]}, "0": {"Right_hand": [200, 200, 100, 100, 153, 100, 100, 100, 100], "Left_hand": [200, 200, 100, 100, 200, 100, 100, 100, 100], "Robot": [-15.579999999999998, 4.549999999999997, 39.25, -50.69999999999999, -130.62]}, "3": {"Right_hand": [200, 200, 100, 100, 153, 100, 100, 100, 100], "Left_hand": [200, 200, 100, 100, 200, 100, 100, 100, 100], "Robot": [-15.670000000000002, 4.549999999999997, 40.48, -52.55000000000001, -130.62]}, "2": {"Right_hand": [200, 200, 100, 100, 153, 100, 100, 100, 100], "Left_hand": [200, 200, 100, 100, 200, 100, 100, 100, 100], "Robot": [-15.670000000000002, 4.640000000000001, 39.69, -51.22999999999999, -130.62]}, "5": {"Right_hand": [200, 200, 100, 100, 153, 100, 100, 100, 100], "Left_hand": [200, 200, 100, 100, 200, 100, 100, 100, 100], "Robot": [-15.670000000000002, 4.549999999999997, 40.84, -53.69, -130.62]}, "4": {"Right_hand": [200, 200, 100, 100, 153, 100, 100, 100, 100], "Left_hand": [200, 200, 100, 100, 200, 100, 100, 100, 100], "Robot": [-15.670000000000002, 4.549999999999997, 40.48, -52.55000000000001, -130.62]}, "7": {"Right_hand": [200, 200, 100, 100, 153, 100, 100, 100, 100], "Left_hand": [200, 200, 100, 100, 200, 100, 100, 100, 100], "Robot": [-15.579999999999998, 4.3700000000000045, 41.98, -54.66, -130.62]}, "6": {"Right_hand": [200, 200, 100, 100, 153, 100, 100, 100, 100], "Left_hand": [200, 200, 100, 100, 200, 100, 100, 100, 100], "Robot": [-15.579999999999998, 4.549999999999997, 40.84, -53.69, -130.62]}, "9": {"Right_hand": [200, 200, 100, 100, 153, 100, 100, 100, 100], "Left_hand": [200, 200, 100, 100, 200, 100, 100, 100, 100], "Robot": [-15.579999999999998, 3.760000000000005, 42.77, -55.71000000000001, -130.62]},