{"text": "", "actors_NAME": ["r_shoulder_y", "r_shoulder_x", "r_arm_z", "r_elbow_y", "r_forearm_z"], "emotion_time": [], "emotion_name": "", "position": {"24": {"Right_hand": [202, 194, 137, 181, 200, 290, 290, 290, 290], "Left_hand": [200, 200, 100, 100, 200, 100, 100, 100, 100], "Robot": [-14.753628018083827, 0.9550883461986521, -0.6303060035930744, -21.590678933133272, -176.81290229601407]}, "25": {"Right_hand": [202, 194, 137, 181, 200, 290, 290, 290, 290], "Left_hand": [200, 200, 100, 100, 200, 100, 100, 100, 100], "Robot": [-14.253152231852017, 0.9199099757171408, -0.6110848320928672, -20.232503701656366, -176.64245039780468]}, "26": {"Right_hand": [202, 194, 137, 181, 200, 290, 290, 290, 290], "Left_hand": [200, 200, 100, 100, 200, 100, 100, 100, 100], "Robot": [-13.773926914496677, 0.8862252976131786, -0.5926798017886403, -18.931997315065246, -176.4792359781257]}, "27": {"Right_hand": [202, 194, 137, 181, 200, 290, 290, 290, 290], "Left_hand": [200, 200, 100, 100, 200, 100, 100, 100, 100], "Robot": [-13.319221368921882, 0.8542641107140808, -0.575216472864391, -17.698031903342343, -176.32437249521254]}, "20": {"Right_hand": [202, 194, 137, 181, 200, 290, 290, 290, 290], "Left_hand": [200, 200, 100, 100, 200, 100, 100, 100, 100], "Robot": [-16.902649793694355, 1.1061427753538848, -0.7128408978737686, -27.422625708250244, -177.54481550944664]}, "21": {"Right_hand": [202, 194, 137, 181, 200, 290, 290, 290, 290], "Left_hand": [200, 200, 100, 100, 200, 100, 100, 100, 100], "Robot": [-16.349865160997375, 1.067287623635329, -0.6916107634296094, -25.922496397054463, -177.35654827947013]}, "22": {"Right_hand": [202, 194, 137, 181, 200, 290, 290, 290, 290], "Left_hand": [200, 200, 100, 100, 200, 100, 100, 100, 100], "Robot": [-15.805253785560579, 1.0290069689850614, -0.6706945294454425, -24.44454741081475, -177.17106469508224]}, "23": {"Right_hand": [202, 194, 137, 181, 200, 290, 290, 290, 290], "Left_hand": [200, 200, 100, 100, 200, 100, 100, 100, 100], "Robot": [-15.272084970288041, 0.9915306102303976, -0.6502177561052653, -22.99765087951355, -176.9894782145184]}, "28": {"Right_hand": [202, 194, 137, 181, 200, 290, 290, 290, 290], "Left_hand": [200, 200, 100, 100, 200, 100, 100, 100, 100], "Robot": [-12.89230489803171, 0.8242562138471629, -0.5588204055041163, -16.539479596470102, -176.17897340730067]}, "29": {"Right_hand": [202, 194, 137, 181, 200, 290, 290, 290, 290], "Left_hand": [200, 200, 100, 100, 200, 100, 100, 100, 100], "Robot": [-12.496446804730226, 0.7964314058397397, -0.5436171598918129, -15.465212524430932, -176.04415217262553]}, "1": {"Right_hand": [192, 193, 160, 120, 140, 143, 148, 146, 145], "Left_hand": [200, 200, 100, 100, 200, 100, 100, 100, 100], "Robot": [-24.610303831954674, 1.6479126606518921, -1.0088594949953607, -48.33941148599292, -180.16988608769472]}, "0": {"Right_hand": [192, 193, 160, 120, 140, 143, 148, 146, 145], "Left_hand": [200, 200, 100, 100, 200, 100, 100, 100, 100], "Robot": [-24.64, 1.6500000000000057, -1.01, -48.41999999999999, -180.18]}, "3": {"Right_hand": [192, 193, 160, 120, 140, 143, 148, 146, 145], "Left_hand": [200, 200, 100, 100, 200, 100, 100, 100, 100], "Robot": [-24.382542396304267, 1.6319033423489289, -1.0001121355102363, -47.72131976388367, -180.09231516395872]}, "2": {"Right_hand": [192, 193, 160, 120, 140, 143, 148, 146, 145], "Left_hand": [200, 200, 100, 100, 200, 100, 100, 100, 100], "Robot": [-24.523394863088072, 1.6418038418257612, -1.0055216867707737, -48.10356069729334, -180.14028665626913]}, "5": {"Right_hand": [192, 193, 160, 120, 140, 143, 148, 146, 145], "Left_hand": [200, 200, 100, 100, 200, 100, 100, 100, 100], "Robot": [-23.952084180601346, 1.6016464967524193, -0.9835800446172981, -46.553155982863785, -179.94570982962512]}, "4": {"Right_hand": [192, 193, 160, 120, 140, 143, 148, 146, 145], "Left_hand": [200, 200, 100, 100, 200, 100, 100, 100, 100], "Robot": [-24.191015734507335, 1.6184409610487096, -0.9927564013977455, -47.20156081574634, -180.02708506899887]}, "7": {"Right_hand": [192, 193, 160, 120, 140, 143, 148, 146, 145], "Left_hand": [200, 200, 100, 100, 200, 100, 100, 100, 100], "Robot": [-23.345083608078497, 1.5589805144808855, -0.9602677037885219, -44.905897182792714, -179.73897775057748]}, "6": {"Right_hand": [192, 193, 160, 120, 140, 143, 148, 146, 145], "Left_hand": [200, 200, 100, 100, 200, 100, 100, 100, 100], "Robot": [-23.669017037490377, 1.5817497482873728, -0.9727086253528913, -45.784977395218434, -179.84930290407283]}, "9": {"Right_hand": [192, 193, 160, 120, 140, 143, 148, 146, 145], "Left_hand": [200, 200, 100, 100, 200, 100, 100, 100, 100], "Robot": [-22.587695101968293, 1.5057437861528498, -0.9311795944958837, -42.850520403529885, -179.48102659269935]}, "8": {"Right_hand": [192, 193, 160, 120, 140, 143, 148, 146, 145], "Left_hand": [200, 200, 100, 100, 200, 100, 100, 100, 100], "Robot": [-22.983553195269778, 1.5335685941602728, -0.9463828401081871, -43.924787475569055, -179.6158478273745]}, "11": {"Right_hand": [194, 193, 155, 132, 152, 172, 176, 174, 174], "Left_hand": [200, 200, 100, 100, 200, 100, 100, 100, 100], "Robot": [-21.706073085503327, 1.443774702386834, -0.8973201982113597, -40.45800268493474, -179.18076402187432]}, "10": {"Right_hand": [193, 193, 157, 126, 146, 157, 162, 160, 159], "Left_hand": [200, 200, 100, 100, 200, 100, 100, 100, 100], "Robot": [-22.16077863107812, 1.4757358892859316, -0.914783527135609, -41.69196809665764, -179.33562750478748]}, "13": {"Right_hand": [196, 193, 150, 144, 164, 201, 204, 203, 203], "Left_hand": [200, 200, 100, 100, 200, 100, 100, 100, 100], "Robot": [-20.726371981916177, 1.3749116538013602, -0.8596939964069256, -37.79932106686671, -178.84709770398595]}, "12": {"Right_hand": [195, 193, 153, 138, 158, 187, 190, 189, 188], "Left_hand": [200, 200, 100, 100, 200, 100, 100, 100, 100], "Robot": [-21.226847768147987, 1.4100900242828718, -0.8789151679071329, -39.157496298343624, -179.01754960219534]}, "15": {"Right_hand": [198, 193, 146, 156, 176, 231, 233, 232, 232], "Left_hand": [200, 200, 100, 100, 200, 100, 100, 100, 100], "Robot": [-19.674746214439423, 1.300993031014951, -0.8193054705545575, -34.94545258918523, -178.4889353049178]}, "14": {"Right_hand": [197, 193, 148, 150, 170, 216, 219, 218, 217], "Left_hand": [200, 200, 100, 100, 200, 100, 100, 100, 100], "Robot": [-20.207915029711963, 1.338469389769615, -0.8397822438947348, -36.39234912048644, -178.6705217854816]}, "17": {"Right_hand": [200, 193, 141, 168, 188, 260, 261, 261, 261], "Left_hand": [200, 200, 100, 100, 200, 100, 100, 100, 100], "Robot": [-18.57735020630565, 1.2238572246461277, -0.7771591021262314, -31.96737429174974, -178.1151844905534]}, "16": {"Right_hand": [199, 193, 143, 162, 182, 245, 247, 246, 246], "Left_hand": [200, 200, 100, 100, 200, 100, 100, 100, 100], "Robot": [-19.130134839002626, 1.2627123763646835, -0.7983892365703906, -33.46750360294552, -178.3034517205299]}, "19": {"Right_hand": [202, 194, 137, 181, 200, 290, 290, 290, 290], "Left_hand": [200, 200, 100, 100, 200, 100, 100, 100, 100], "Robot": [-17.46033838074744, 1.1453426253134134, -0.7342593725939235, -28.936063214419676, -177.7347529267763]}, "18": {"Right_hand": [201, 193, 139, 174, 194, 275, 275, 275, 275], "Left_hand": [200, 200, 100, 100, 200, 100, 100, 100, 100], "Robot": [-18.019661619252563, 1.1846573746865992, -0.7557406274060765, -30.45393678558031, -177.92524707322372]}, "31": {"Right_hand": [202, 194, 137, 181, 200, 290, 290, 290, 290], "Left_hand": [200, 200, 100, 100, 200, 100, 100, 100, 100], "Robot": [-11.810982962509629, 0.7482502517126398, -0.5172913746471088, -13.605022604781553, -175.8106970959272]}, "30": {"Right_hand": [202, 194, 137, 181, 200, 290, 290, 290, 290], "Left_hand": [200, 200, 100, 100, 200, 100, 100, 100, 100], "Robot": [-12.134916391921509, 0.771019485519127, -0.5297322962114781, -14.484102817207273, -175.92102224942255]}, "37": {"Right_hand": [202, 194, 137, 181, 200, 290, 290, 290, 290],