{"text": "", "actors_NAME": ["r_shoulder_y", "r_shoulder_x", "r_arm_z", "r_elbow_y", "r_forearm_z"], "emotion_time": [], "emotion_name": "", "position": {"11": {"Right_hand": [219, 269, 120, 111, 200, 290, 290, 290, 100], "Left_hand": [200, 200, 100, 100, 200, 100, 100, 100, 100], "Robot": [-0.24497685185185158, -18.233854166666667, 28.729398148148146, -54.636898148148155, 25.672685185185184]}, "10": {"Right_hand": [219, 269, 120, 111, 200, 290, 290, 290, 100], "Left_hand": [200, 200, 100, 100, 200, 100, 100, 100, 100], "Robot": [-0.6181481481481468, -18.023333333333337, 28.561851851851852, -55.29185185185186, 25.624814814814812]}, "12": {"Right_hand": [219, 269, 120, 111, 200, 290, 290, 290, 100], "Left_hand": [200, 200, 100, 100, 200, 100, 100, 100, 100], "Robot": [-0.10999999999999943, -18.310000000000002, 28.79, -54.400000000000006, 25.689999999999998]}, "1": {"Right_hand": [219, 269, 120, 111, 200, 290, 290, 290, 100], "Left_hand": [200, 200, 100, 100, 200, 100, 100, 100, 100], "Robot": [-6.835023148148147, -14.516145833333331, 25.770601851851854, -66.20310185185186, 24.827314814814816]}, "0": {"Right_hand": [219, 269, 120, 111, 200, 290, 290, 290, 100], "Left_hand": [200, 200, 100, 100, 200, 100, 100, 100, 100], "Robot": [-6.969999999999999, -14.439999999999998, 25.71, -66.44, 24.810000000000002]}, "3": {"Right_hand": [219, 269, 120, 111, 200, 290, 290, 290, 100], "Left_hand": [200, 200, 100, 100, 200, 100, 100, 100, 100], "Robot": [-5.8981249999999985, -15.044687499999998, 26.19125, -64.55875, 24.9475]}, "2": {"Right_hand": [219, 269, 120, 111, 200, 290, 290, 290, 100], "Left_hand": [200, 200, 100, 100, 200, 100, 100, 100, 100], "Robot": [-6.461851851851851, -14.726666666666665, 25.938148148148148, -65.54814814814814, 24.875185185185188]}, "5": {"Right_hand": [219, 269, 120, 111, 200, 290, 290, 290, 100], "Left_hand": [200, 200, 100, 100, 200, 100, 100, 100, 100], "Robot": [-4.389560185185184, -15.895729166666666, 26.868564814814814, -61.911064814814814, 25.141018518518518]}, "4": {"Right_hand": [219, 269, 120, 111, 200, 290, 290, 290, 100], "Left_hand": [200, 200, 100, 100, 200, 100, 100, 100, 100], "Robot": [-5.191481481481481, -15.443333333333332, 26.508518518518517, -63.318518518518516, 25.03814814814815]}, "7": {"Right_hand": [219, 269, 120, 111, 200, 290, 290, 290, 100], "Left_hand": [200, 200, 100, 100, 200, 100, 100, 100, 100], "Robot": [-2.6904398148148134, -16.854270833333334, 27.631435185185186, -58.92893518518519, 25.358981481481482]}, "6": {"Right_hand": [219, 269, 120, 111, 200, 290, 290, 290, 100], "Left_hand": [200, 200, 100, 100, 200, 100, 100, 100, 100], "Robot": [-3.539999999999999, -16.375, 27.25, -60.42, 25.25]}, "9": {"Right_hand": [219, 269, 120, 111, 200, 290, 290, 290, 100], "Left_hand": [200, 200, 100, 100, 200, 100, 100, 100, 100], "Robot": [-1.1818749999999998, -17.7053125, 28.30875, -56.28125, 25.5525]}, "8": {"Right_hand": [219, 269, 120, 111, 200, 290, 290, 290, 100], "Left_hand": [200, 200, 100, 100, 200, 100, 100, 100, 100], "Robot": [-1.8885185185185183, -17.30666666666667, 27.99148148148148, -57.52148148148149, 25.46185185185185]}}, "freq": 13.0, "frame_number": 13}